file,lang,word_count,morph_count,word_total_frequency,morph_total_frequency,word_ttr,morph_ttr,word_zipf_slope,morph_zipf_slope,word_hapax_count,morph_hapax_count,word_hapax_ratio,morph_hapax_ratio,word_freq_hapax_count,morph_freq_hapax_count,word_freq_hapax_ratio,morph_freq_hapax_ratio,word_avg_length,morph_avg_length,word_avg_length_weighted,morph_avg_length_weighted,word_entropy,morph_entropy,word_perplexity,morph_perplexity,word_type_entropy,morph_type_entropy,word_type_perplexity,morph_type_perplexity,avg_morphs_per_word,avg_roots_per_word,avg_affixes_per_word,avg_prefixes_per_word,avg_suffixes_per_word,compounding_index,affix_deviation,avg_morphs_per_word_weighted,avg_roots_per_word_weighted,avg_affixes_per_word_weighted,avg_prefixes_per_word_weighted,avg_suffixes_per_word_weighted,compounding_index_weighted,affix_deviation_weighted,root_entropy,affix_entropy,prefix_entropy,suffix_entropy,root_count,affix_count,prefix_count,suffix_count,root_type_entropy,affix_type_entropy,prefix_type_entropy,suffix_type_entropy
bel_Slounik-bel_Cyrl,bel,172319,49635,966663.4110002465,2365191.5670016077,0.17826163485560545,0.020985615157981943,-1.2621617127593387,-1.7342563814085818,172319,31965,1.0,0.6440012088244182,0,0,0.0,0.0,8.496828556340276,6.060562103354488,5.965569223348342,2.4381392304347136,13.146361861637,8.901329973691967,9066.700171674991,478.15348271516166,17.394722257247285,10.120817911832583,172319.0000030713,1113.4475708062466,3.0321612822729938,1.873989519437787,1.1581717628352068,0.27645239352596057,0.5461556763908797,0.6619971343796087,0.29179170677387084,2.4467581374085516,1.713765678051249,0.7329924593576858,0.1833034776982225,0.3485187637870898,0.7632116948328105,0.251379923453261,8.608030365795203,7.1064118141157655,5.08205619314823,6.136178467620341,49265,1558,621,928,10.298782733573411,7.534565089615876,5.521505937690036,6.690371238816711
ben_kcis-ben_Beng,ben,107492,80856,986875.9900001142,1785735.1250001278,0.10892148668039595,0.045278831596032035,-1.3444790474046302,-1.4411059611938404,107492,67996,1.0,0.840951815573365,0,0,0.0,0.0,7.372120715960257,6.899525081626596,5.314159735509822,2.9368358798450696,12.776762057247236,9.70865772227828,7017.600269775069,836.7528341835637,16.713869766927207,12.453379996190385,107492.00000168785,5608.425125430358,1.725672608194098,1.2506977263424255,0.4749748818516727,0.012066014215011349,0.462490231831206,0.7670377020305352,0.006289308176100629,1.8094827953003472,1.274665252520704,0.5348175427796216,0.04836946332030473,0.48559421939114944,0.7371528476777763,-7.595391414348257e-05,10.574436606004115,5.087954439259993,3.4935092203623768,4.943078872894368,80778,359,90,351,13.936147799693961,5.602736338113768,5.039630538364576,5.553754801358025
cat_Morphynet-cat_Latn,cat,37293,28874,937512.8869999945,1290132.5249999848,0.03977865319732956,0.022380646515365032,-1.2268934343926303,-1.3304513873283068,37293,23096,1.0,0.7998891736510355,0,0,0.0,0.0,7.730405169871021,7.1804737826418235,4.741959223862942,3.4458768047879835,10.582543065476004,8.896623365197714,1533.4262487574704,476.5961097330547,15.18661723755675,12.045578718764824,37292.999999839674,4227.46975806117,1.4752098249001153,1.0105113560185557,0.4646984688815595,0.05129648995790095,0.4133215348724962,0.7734986011673253,0.004366812227074236,1.376122443637411,1.002715473072747,0.37340697056466643,0.051444562169522895,0.32195476583353355,0.8156824039653584,0.0030377594536871323,10.148466446078462,2.6542787457937767,2.389068004609832,2.3608404042961126,28787,214,75,164,14.62662192748447,3.6493203729075647,4.393257832077321,3.1006766603893263
ces_SlavickovaDict-ces_Latn,ces,119827,35895,969055.2199999989,2237753.092000167,0.12365342812972013,0.016040643683310044,-1.231821483961195,-1.7221482124846408,119827,22139,1.0,0.61677113804151,31,7,0.00025870630158478475,0.0001950132330408135,7.779056473082027,5.093606351859591,5.2993413430041745,2.294866562516906,12.78314030618107,9.165359248097975,7048.694222124175,574.1799917473669,16.87059349421602,10.341054044027953,119826.99999910517,1297.0820642005456,2.9512380348335516,1.422058467624158,1.5291795672093935,0.5655236298997721,0.8325335692289718,0.5383148048779308,0.2512971736117825,2.309211122148428,1.364841121231469,0.9443700009169856,0.3682803184322183,0.5168988563933424,0.6795113015632717,0.23502150419434395,9.507965857626637,6.9398828553532015,5.730115899216579,6.470567832415732,35657,1487,750,1001,11.695474821659998,7.385668686539209,5.905146152213892,7.076963057791013
deu_CELEX-deu_Latn,deu,125407,55424,963100.5480000074,1483812.9170000905,0.1302117419208436,0.03735241779135733,-1.2780987222256026,-1.5845872832271735,125407,41328,1.0,0.7456697459584296,47,12,0.0003747797172406644,0.00021651270207852195,9.913059079636703,6.97459584295612,5.692046161103376,3.6945399694210006,11.52558619442797,9.479398014562552,2948.133611278892,713.8108470896586,16.936258353587093,11.25784620725898,125407.00000364947,2448.777887699898,2.3126061543613994,1.526238567225115,0.7863675871362843,0.3358664189399316,0.2803671246421651,0.748560063037973,-0.09145507070092747,1.5406625196935977,1.2628796022656055,0.27778291742804967,0.11756132964010933,0.11291328950629781,0.8972820815205423,-0.01147118996275163,9.442515904260144,7.183654718299541,6.473688489682966,6.705207456814665,54861,2082,998,1552,11.83470672434111,7.909090671769254,7.546543337683001,7.5468443329522374
deu_MorphoChallenge-deu_Latn,deu,125407,54531,963100.5480000074,1672321.6980000637,0.1302117419208436,0.032607960576732244,-1.2780987222256026,-1.583015022123936,125407,38913,1.0,0.7135941024371458,47,12,0.0003747797172406644,0.0002200583154535952,9.913059079636703,6.916066090847408,5.692046161103376,3.278081086644964,11.52558619442797,8.973190263355157,2948.133611278892,502.57331594698854,16.936258353587093,10.927749392196576,125407.00000364947,1947.9614238734898,2.4619518846635353,1.6618689546835503,0.8000829299799852,0.34612102992655913,0.2607111245783728,0.7478382481877683,-0.0602247191011236,1.7363936729895653,1.414501370421834,0.3218923025677554,0.135107391715447,0.13152373266015344,0.8833833320605483,-0.05793779640513712,8.887310378431016,6.712196248095024,6.138155118575219,5.449902653556783,53890,2389,1172,1573,11.277405443244358,7.87688406339092,7.460778131515241,7.132424468457651
ell_GreekAnnotatedDictionary-ell_Grek,ell,57472,41081,967041.8939999962,1567046.482000025,0.05943072410469967,0.02621555931612713,-1.2083834642175797,-1.3600492811298734,57472,32957,1.0,0.8022443465348945,0,0,0.0,0.0,8.247355233853007,7.1687154645699955,5.23708786808777,3.231862621928224,11.14361936990683,9.23622048561927,2262.370298914241,603.0862302865917,15.810571634718634,11.952822450413917,57471.99999910318,3964.223123143478,1.7905240812917596,1.0091870824053453,0.7813369988864143,0.04395183741648107,0.7373503619153675,0.6483191815144639,0.14430379746835442,1.6204535622734715,1.0035420999041023,0.6169114623693813,0.02000470209204827,0.5969025557025115,0.7131534012941181,0.21969792127267407,10.596643386791294,4.842937406151449,3.618979681959811,4.6806589875463125,40940,321,71,278,15.022232065115798,5.7670376237658,4.0645249602351265,5.56123778621825
eng_MorphoLex-eng_Latn,eng,25843,14416,939329.0250000061,1262777.406999987,0.0275121914815736,0.0114161054197576,-1.2867613243252078,-1.582257789053262,25843,9773,1.0,0.6779273029966704,0,0,0.0,0.0,7.130093255427002,5.69804384017758,4.830785155393203,3.593425638474419,10.897154943092264,9.664467422472732,1907.086998044508,811.5113274389498,14.657485935418151,11.06749316046432,25843.0000000872,2146.087465986108,1.7542854931702976,1.0471307510737917,0.7071547420965059,0.10718569825484657,0.598266455132918,0.7098672754711258,0.19155844155844157,1.3443398142626293,1.016336261939739,0.3280035523228915,0.04424604573461333,0.2832629684790155,0.8580379876121291,0.1491588753910641,10.208817260266834,5.159761629675745,4.8917207400484966,4.6042323963987455,14289,349,143,285,13.283872380100261,5.519215633315186,5.398449139094243,4.903010791847712
fas_PerSegLex-fas_Arab,fas,35967,20381,956275.8079999976,1289698.1540000276,0.037611533931014275,0.015802922518565972,-1.326211296029975,-1.5567004655373349,35967,15648,1.0,0.7677739070703106,0,0,0.0,0.0,5.717296410598604,4.767675776458466,4.016240545740136,2.977930895758976,11.259404779172687,9.741639233355716,2451.424780248389,856.1022060734248,15.1343862091406,11.271929079860696,35966.99999983318,2472.7986903045603,1.7459337726249062,1.0588317068423834,0.6871020657825229,0.14482720271359859,0.5336836544610337,0.7338194270673689,0.07382265591854052,1.3486675530329768,1.0143518699157545,0.3343156831172285,0.0675259182129182,0.2648101320576344,0.8571637796432368,0.04501810626539741,10.38923233542508,5.179309755030899,5.265659100696918,4.446027146448379,20316,293,171,232,13.537733469760767,5.567730261356146,5.538556873872185,4.834397035355531
fin_MorphoChallenge-fin_Latn,fin,702283,196762,958870.8800008339,2026010.119998294,0.7324062234525145,0.09711797490930879,-1.2949433268325794,-1.6646737400672753,702283,136904,1.0,0.695784755186469,100,-19,0.00014239273910944734,-9.656336081153881e-05,11.296760707577999,7.650872627844808,7.395857760321007,3.5002879368666915,14.301662565240358,9.86164742111861,20194.328657031718,930.3613933135308,19.42169298694622,11.181399999738694,702282.9999495706,2322.398773358411,2.8231624572999774,2.1428483958745974,0.6803140614253798,0.1953471748568597,0.24268848882857766,0.7955690977620468,-0.01451941582701234,2.1129123454028895,1.7787918244000163,0.3341205210028001,0.07023315902545582,0.1653104649499543,0.8830544025673619,-0.0009154455117566845,9.663138590594107,7.851863167709815,8.083530159196998,6.18070004799665,195604,4211,2008,2333,11.041654822178694,8.822354092963462,8.833459782146331,7.211370338504645
fra_MorphoLex-fra_Latn,fra,32063,22337,940016.916000006,1195651.3290000134,0.034108960651937664,0.018681867747081096,-1.2139646769836756,-1.408895609777461,32063,17494,1.0,0.7831848502484666,0,0,0.0,0.0,7.9651935252471695,6.748041366342839,5.024561000559665,3.9502883887982922,10.721920061395865,10.015194004997257,1688.9607209677845,1034.8414311302722,14.968621798268941,11.98165475433749,32063.000000154323,4044.2452002945975,1.6341265633284472,1.0249508779590182,0.6091756853694289,0.112528459595172,0.4961793968125253,0.7540248885007405,0.16179001721170397,1.2719466093097571,1.0098717404357838,0.2620748688739549,0.03774947811683842,0.22425581328580993,0.888994603422644,0.15300377475935084,10.308039018873018,5.650913489383337,5.031505160798939,5.111315662244394,22141,446,138,347,14.05737290403513,6.036955802161199,5.033211750994055,5.504889126540863
hbs_Morphynet-hbs_Latn,hbs,152282,115280,960726.6820000127,1275594.52500025,0.15850709973307267,0.09037354562177774,-1.24819882510654,-1.3541537939578443,152282,100364,1.0,0.8706106870229008,68,46,0.0004465399718942488,0.00039902845246356694,8.024776401675838,7.599340735600277,5.393792079566634,4.062366972764315,12.768986690590534,11.356306190431136,6979.880834505697,2621.7350685425413,17.21638589726738,14.517535692552023,152282.00000177012,23453.826416410917,1.433491811244927,1.0166795813031086,0.4168122299418185,0.20642623553670164,0.21034002705506888,0.7942824277765258,-0.001177856301531213,1.3277392508185464,1.0068364636093199,0.32090278720915977,0.1867672985062264,0.13412955465308704,0.8410729035177364,-0.00029105812780544447,12.210386359320442,6.329309517369986,4.7940211309362635,6.6115558461987005,115057,840,393,595,16.44746476046559,6.974255846004398,5.297484238284004,7.036215251894018
hin_kcis-hin_Deva,hin,21947,14507,954872.7340000009,1704602.532000051,0.02298421477390303,0.008510488355885866,-1.2818444804368303,-1.4949755314563633,21947,10990,1.0,0.757565313297029,0,0,0.0,0.0,5.778056226363512,4.90928517267526,3.9734391326750322,2.2258142979221422,10.608898871110945,8.78876993765737,1561.6970185025593,442.26581949348264,14.421736126563163,11.357445497923186,21947.000000085685,2623.8062908350666,1.8765662732947554,1.0609650521711396,0.815601221123616,0.08998952020777327,0.7212830910830638,0.6210856457222806,0.003745318352059925,1.7851620130144088,1.0246421173860842,0.7605198956283163,0.17748923282168028,0.5820478679622696,0.6433416038176883,0.03830666865960745,9.737906164787011,5.876837258262635,4.396499361343715,5.772033442280177,14251,655,192,592,13.291419718794234,6.876253124723802,6.3323545498565625,6.6871275038115305
hrv_CroDeriV-hrv_Latn,hrv,97955,35456,961450.6440000043,2118295.951999962,0.10188250495362876,0.016737982228840438,-1.2152294058618667,-1.6108066162170598,97955,23474,1.0,0.6620600180505415,32,8,0.0003266806186514216,0.0002256317689530686,7.965810831504262,6.221598601083032,5.334140903648901,2.4210490126075124,12.346491592935417,8.820420636330644,5207.920076363372,452.0757233903344,16.579831514637792,10.356440501707553,97955.00000078176,1310.9895784196021,2.6905722015211064,1.4679087336021643,1.2226634679189423,0.36323822163238223,0.7392680312388341,0.6075505516381698,0.19067135050741607,2.2032290115143813,1.3449728460528538,0.8582561654615739,0.2693719065208699,0.5247746341932806,0.690942424299322,0.165689406915302,9.329340580747008,6.378589995329681,5.195413212133911,5.871382961453782,35300,1035,491,763,11.443996904206983,7.108387257487923,5.542379955245802,6.863150821873993
hun_LDC_RLP-hun_Latn,hun,316280,102473,901465.9419999978,1659774.521000107,0.3508507479476144,0.061739108959362916,-1.2593079819785082,-1.6212222535570602,316280,71537,1.0,0.6981058425146136,104,6,0.0003288225622865815,5.8552008821835994e-05,9.573766915391426,6.8220897211948515,6.375876896966578,3.462891990616135,13.324915944609254,10.261546136965858,10261.22921628695,1227.5330365878324,18.270842804178184,11.638218148703311,316279.9999953221,3187.5188287730393,2.50405653218667,1.5098235740483117,0.9942329581383584,0.2231883141520172,0.6419153914253194,0.6668284770275713,0.12685634727973727,1.841194928915231,1.2868627875461838,0.5543321413689154,0.11381985965255638,0.3857517137347463,0.7897531728195964,0.11109328898973111,10.445773152479116,7.6240985897316085,7.295067214085139,6.988813771390491,101763,2706,1303,1885,12.582762037590848,8.108690361756729,7.7505251025826825,7.460360307309893
hye_Uniparser-hye_Armn,hye,224488,123613,950247.9129993115,1592555.245000543,0.23624150806228886,0.07761928535167259,-1.3038177350224964,-1.4611915436420146,224488,99601,1.0,0.8057485863137372,524,157,0.0023342004917857526,0.001270092951388608,8.955449734506967,8.399877035586872,6.622397902603507,3.95144378303676,13.297298505353227,9.804528107700403,10066.667203770792,894.2460978897458,17.776278802287315,11.851610043765614,224488.00000739828,3695.643922967678,1.8172196286661202,1.5031582979936566,0.31406133067246356,0.021404262143188055,0.23133530522789636,0.878948763408229,0.27192336035372144,1.67593658793011,1.4302041324250607,0.24573245550519374,0.020834230445728415,0.1803831007205055,0.8995370942742733,0.19426487804286074,10.000602951392834,4.939061821577781,2.585816975316678,4.835942770109592,123581,137,29,128,12.486990955742312,5.008652497857127,1.6427551783849437,4.9930458873901085
ind_LDC_RLP-ind_Latn,ind,25292,18162,967185.6990000103,1395395.7560000042,0.026150097159366427,0.013015662346618134,-1.2984652719095329,-1.436508940164204,25292,14938,1.0,0.8224865102962229,0,0,0.0,0.0,7.256365649217144,5.9466468450611165,6.0490848366027565,4.192778885017608,11.392899138678024,9.546902779626459,2689.084059748665,748.0043135814614,14.626393504168465,11.287713466507578,25291.999999903048,2500.0018835556143,1.5922821445516369,1.0153012810374822,0.5769808635141547,0.2944013917444251,0.28206547524909065,0.780530075386159,0.04385277995301488,1.44273820161187,1.0091839726426717,0.43355422896921364,0.24210240829873728,0.18959456099236455,0.8277083276366152,0.013322381920145617,10.675852142617252,4.208843003487864,3.7661431217803147,2.542125799764392,18044,235,90,169,13.791318200914864,4.333748271810399,3.9155170822990417,2.7633833484320114
ita_DerIvaTario-ita_Latn,ita,34609,22238,956483.5999999947,1466971.2240000516,0.03618357910161783,0.01515912489364496,-1.222009847934664,-1.4769253477560838,34609,17032,1.0,0.7658962136882813,0,0,0.0,0.0,8.050218151347915,6.286941271697095,5.129956607724405,3.3447959194595813,11.000973023616053,9.855844381155569,2049.3817365865825,926.6266603825347,15.078859636103214,11.884889468448154,34608.99999984609,3781.8841859769204,1.8823138489988154,1.056488196711838,0.8258256522869774,0.22471033546187408,0.5921292149440897,0.6747247825709854,0.17787286063569682,1.5337128874975006,1.0197784698033514,0.5139344176941464,0.20039150070111042,0.3107605148692546,0.7780536075230954,0.17561261275525666,10.428292670894255,6.683251091259611,4.83310032036684,6.639956481293267,21980,759,252,649,13.912171336311243,7.255750087263228,5.59385905161975,7.052105089943963
kan_kcis-kan_Knda,kan,480029,169581,981652.4280016535,2940795.423012691,0.48900098070066755,0.05766501085827763,-1.3556108422339916,-1.6542991155251365,480029,123059,1.0,0.7256650214351844,261,-23,0.000543717150422162,-0.00013562840176670736,9.780273691797786,7.499554785028983,6.933065294663068,2.314291160051913,14.432976701395841,8.359723592932196,22118.665143041188,328.49408730837206,18.872762040445508,9.033407437860854,480028.9999941616,523.99434716117,3.7294455126669432,3.408412825058486,0.321032687608457,0.015261577946332408,0.1898322809663583,0.9106150979503886,0.019345238095238096,2.995760351743605,2.7970731703784844,0.19868718136510943,0.01165335985903622,0.12730355005017832,0.9347931255059889,-0.024912003531475595,8.147386780548842,6.720932328336888,5.593268963080182,6.378942170855806,169267,1371,400,859,8.7653677632579,7.347975049788097,6.71537509547986,6.977983040864705
kat_MorphAGram-kat_Geor,kat,235514,77270,959652.3239999252,2554482.1000045133,0.2454159637923394,0.030248792896166107,-1.3138126823262424,-1.6716309914279865,235514,49685,1.0,0.6430050472369613,82,8,0.00034817463080751037,0.00010353306587291316,8.854034155082076,6.521664294033907,6.995970333314718,2.6281975046871744,13.794050388965504,8.462772741620414,14204.401148644642,352.8161379495082,17.845453297093652,9.177103131634974,235514.00000941628,578.8730298600101,3.188409181619776,2.678944776106728,0.5094644055130481,0.12075715244104385,0.24003243968511426,0.856928046825881,0.05037991410637595,2.661882888328932,2.305352282980291,0.35653060534875697,0.10697813513554033,0.1438959335026723,0.8917015263041783,0.060757885524625695,8.297036146601336,5.780985050567786,4.195500680152703,4.704216164887431,77062,929,409,435,9.02152326153948,6.307582426935447,5.07230788095513,5.08952737361621
lat_WFL-lat_Latn,lat,215616,70535,962577.3690010535,1670976.843999139,0.22399861761113565,0.04221183570155826,-1.2414948075952283,-1.6390746341985551,215616,46394,1.0,0.6577443822215921,0,0,0.0,0.0,8.426271705253784,6.464506982349189,5.897369332390555,3.397205535424501,13.281550065486512,9.899673872299873,9957.377187958864,955.2098294495144,17.718104713149497,11.377288799214785,215616.0000041458,2660.144313745776,2.1417937444345503,1.4333722914811518,0.7084214529533986,0.06419282428020184,0.5578203843870585,0.7082121302067814,0.028113356667043017,1.7359402971785831,1.338107349580879,0.39783294759711213,0.025614712950907576,0.33802462480253664,0.824716856846257,0.02050477331260441,10.086468139480473,6.29709577130285,4.512723878564263,5.972128435223986,70330,858,223,728,12.325213089866285,6.8415617539257205,4.3642962877846925,6.614441340754946
mal_kcis-mal_Mlym,mal,1820186,757718,987665.1469918824,2355479.828918088,1.8429181241676034,0.3216830773490566,-1.285695395267862,-1.5108246990998861,1820186,567037,1.0,0.7483483301175371,422,-226,0.00023184443787612914,-0.00029826399795174457,12.801189548760401,9.664891160035792,8.627487949688716,3.6175481756998424,15.701487512476126,10.699089661413046,53286.686774826565,1662.4435770981654,20.795654452283443,12.768180317184168,1820185.9997557425,6975.980621734005,2.6282748026850005,2.184661897190727,0.4436129054942737,0.07830078904024095,0.28171571476761165,0.8443643776246426,0.0459499109294771,2.3848971852135628,2.094785618681527,0.2901115665296086,0.04387583193768632,0.20405182223180818,0.8866675965101065,0.032015965881941326,10.459875567598832,8.88689887754422,8.165000676184771,8.096645078881545,755993,7422,2517,4913,12.644487698569817,9.908724236766057,9.027998512395955,9.215930409972296
mar_kcis-mar_Deva,mar,153311,53002,975331.0410001139,2083310.656000038,0.1571886811300432,0.02544123693091648,-1.3404593670145581,-1.7176147481863056,153311,36127,1.0,0.6816157880834686,0,0,0.0,0.0,7.925295640886825,5.953567789894721,5.6728182241862575,2.655808965919243,13.158531954524445,9.216239693453772,9143.507326432353,594.7912828512204,17.22610168788287,10.74920137457821,153310.99999693068,1721.202797116699,2.358467428951608,1.5308294903822948,0.8276379385693133,0.04270404602409481,0.7529466248344867,0.6759734570036602,0.004633529907329402,2.136003642274911,1.4794879823782014,0.656515659896865,0.0943046228752048,0.5333705881714069,0.7225999520744398,-0.05187511066180041,9.367985301921005,6.680060156587453,5.217769765704281,6.5332287969983645,52412,1677,498,1371,11.49880026632925,6.92945535653604,6.887515452287983,6.780098317880303
mon_Morphynet-mon_Cyrl,mon,69693,46090,980052.9860000209,1498629.4329994034,0.07111146131439726,0.030754767646431477,-1.3611446612620446,-1.5133767156865412,69693,36658,1.0,0.79535691039271,0,0,0.0,0.0,7.739844747679107,6.890800607507051,5.929269146678439,3.8775396766161823,12.639313624749962,10.332296991286698,6379.880228551674,1289.2327180899974,16.08872613787742,12.395138066042554,69692.99999872856,5386.521011670028,1.6118548491240152,1.0151952132925832,0.5966596358314321,0.014262551475757968,0.5822249006356449,0.7068189536012753,0.012145748987854251,1.5291310310847446,1.0104479259246923,0.5186831051602055,0.026160188649228276,0.4924973536073821,0.7427950378523837,0.04703018932084125,11.763105016142324,5.079231386315963,4.550489453579737,4.935534931475762,46032,299,120,277,15.082999999512658,5.361391414837004,6.100493153804397,5.2285936634392725
nld_CELEX-nld_Latn,nld,47785,24097,937040.1789999979,1298157.3060000252,0.05099567880962776,0.01856246534116069,-1.2742229243732797,-1.578159376433514,47785,17188,1.0,0.7132838112628128,18,7,0.0003766872449513446,0.0002904925924388928,8.448320602699592,5.874880690542391,5.004289632493988,3.612212118921672,10.594767579105023,9.332997953705696,1546.4747675419098,644.9296349751073,15.544270198129135,11.338040283189835,47784.999999756896,2588.7506281818137,2.0033483310662343,1.2389662027833002,0.764382128282934,0.3104739981165638,0.39543789892225595,0.7095460486869907,0.0320208507865587,1.3853806219765028,1.105762801020729,0.27961782095578486,0.11970915817047399,0.14720810066779402,0.884821432467836,0.0443904126592297,9.391133501568996,6.606823479968853,5.604342182750558,6.140194396521676,23805,1204,629,938,12.548865280571107,7.252362823410421,6.650878877553981,6.700451087810954
nso_Sadilar-nso_Latn,nso,11676,6799,939441.9839999859,1528516.8119999967,0.012428654668259084,0.004448102858027324,-1.2341161680909054,-1.4895826520616773,11676,4898,1.0,0.7204000588321812,0,0,0.0,0.0,7.307553956834532,5.95602294455067,4.218423138942936,2.5926857800239937,9.0914801774893,7.296523061689172,545.5169363306105,157.20715403694518,13.51125849550397,8.902484041589002,11676.000000013777,478.5361293170095,2.2162555669749913,1.026121959575197,1.1901336073997943,0.3695614936622131,0.8168036998972251,0.586621213233479,0.35121107266435986,1.6270475857293767,1.0078234996148532,0.6192240861145091,0.2072414574990913,0.4113755214074023,0.7486152970674184,0.2678861412290767,8.385109448432473,3.8801391252902016,3.5439837186995904,2.885553893056448,6781,94,49,73,12.149937469006918,4.35741406121568,3.5127962339688095,3.5304699061064277
pol_Morphynet-pol_Latn,pol,118786,95746,959100.418999987,1203463.3239999262,0.12385147336694222,0.07955871865024602,-1.2253909212991874,-1.3148785511444794,118786,85445,1.0,0.8924132600839721,46,34,0.00038725102284781036,0.0003551062185365446,8.487220716246023,8.170503206400268,5.947004715050674,4.739458614361853,12.847079793086998,11.687914186675178,7368.114640132538,3299.231247853829,16.85800528599261,14.616363279842556,118786.00000022308,25116.76919502443,1.3426329702153452,1.013781085313084,0.3288518849022612,0.10589631774788275,0.22277036014345125,0.8450748965927336,0.017126546146527116,1.2547834409818868,1.0070804921627283,0.2477029488191771,0.08995537828036539,0.15771511304073813,0.8829579442608909,0.0028801928532377263,12.438327139392966,5.918711903678478,4.720382466633453,5.2883209453738935,95526,581,194,435,16.252984049362286,6.394933083826872,5.0129291125404345,5.842984905109025
por_Morphynet-por_Latn,por,23004,21589,944357.9250000037,1016381.3400000015,0.02435940800729756,0.021241043248590108,-1.2029000541397452,-1.2463514696526043,23004,20269,1.0,0.938857751632776,0,0,0.0,0.0,7.74847852547383,7.402288202325258,4.978522056666153,4.625731085342429,10.637477070574466,10.474488606642172,1592.940948313261,1422.771836560266,14.489597122381515,13.859655602975517,23003.999999875752,14865.24481819215,1.1338462876021562,1.0086941401495393,0.12515214745261694,0.0705529473135107,0.05455572943835855,0.938224511679128,0.038461538461538464,1.0762670732074378,1.0028505833738823,0.07341648983355499,0.03777558175307307,0.035630079559082296,0.9635252204118885,0.02397874509745552,10.553749340464352,5.095064409670626,4.2990918426152405,4.201037058323087,21476,226,86,164,14.32814371302526,5.751768016416644,4.738925570345268,5.148606211435604
rus_KuznetsEfremDict-rus_Cyrl,rus,133556,26627,957397.1569999779,2582900.9250001283,0.1394990563983919,0.010308951358635127,-1.2394042067129003,-1.8493925762110799,133556,15752,1.0,0.5915799752131295,42,4,0.00031447482703884515,0.0001502234573928719,8.714659019437539,5.433244451121043,6.160270728692101,2.2834068453476233,13.07337215970529,8.48958385918869,8619.402562064379,359.43419558040813,17.027085264892563,9.312926693433072,133555.99999886667,636.019281888043,3.516779478271287,1.9476998412650872,1.5690796370061997,0.3949354577854982,0.8222468477642337,0.6029831661104297,0.35425920784749215,2.69783642672759,1.6976331255180974,1.0002033012095273,0.2683514872814751,0.5099080798711957,0.7174045346605176,0.254899787942314,8.30214351239034,6.673554560174466,5.264583025586332,6.0520210228601,26243,1378,527,984,9.468706793736866,7.094974651642954,5.562411714808887,6.532603377681568
rus_Tikhonov-rus_Cyrl,rus,133556,34552,957397.1569999779,2174829.930000018,0.1394990563983919,0.015887219282474982,-1.2394042067129003,-1.765831184777903,133556,21839,1.0,0.6320618198657096,42,11,0.00031447482703884515,0.0003183607316508451,8.714659019437539,6.011634637647604,6.160270728692101,2.7118505091568017,13.07337215970529,8.960018001817701,8619.402562064379,498.0055471043113,17.027085264892563,9.945385851281817,133555.99999886667,985.9603712813976,2.9384977088262603,1.6469046692024318,1.2915930396238282,0.2590074575458983,0.8164440384557788,0.6282407159804819,0.5067437879338071,2.2716068395427698,1.5302235454622601,0.7413832940805275,0.14857931941822505,0.47372894172904906,0.7561925585592021,0.38073101604897214,8.912660309597596,6.648603405324696,5.100408334627472,5.934833601363204,34340,742,318,502,10.598414614261703,6.996164748902492,5.397040618395199,6.376243078615381
sot_Sadilar-sot_Latn,sot,31632,21489,954904.430999956,1476791.9590000678,0.03312582806519772,0.01455113556722651,-1.2626837417135832,-1.4129341349874354,31632,17426,1.0,0.8109265205453953,0,0,0.0,0.0,7.158573596358118,6.2258364744753125,4.271195647012542,2.7614192284478807,10.110304862625307,8.18955917176033,1105.3632689764056,291.946290858652,14.949097155730975,10.564084706179228,31632.00000003874,1513.9320157912018,1.8786671724835609,1.021149468892261,0.8575177035913,0.26631259484066766,0.5884547293879615,0.6900698057422224,0.33195364238410596,1.5465337797767738,1.0081330725336224,0.5384007072431494,0.15897529854483244,0.3789126610514276,0.7771357001504269,0.3020105972751923,9.496222997603462,3.8210739644655223,3.4835584981321746,2.7756651954099607,21452,131,53,119,13.911165567676882,4.492498385602162,3.5729454075167704,3.6863137938623427
spa_Albalba-spa_Latn,spa,22684,10322,925366.9850000009,1557872.8359999715,0.024513517736965706,0.0066257012520373575,-1.1808074512194153,-1.5638321441779766,22684,6570,1.0,0.6365045533811277,0,0,0.0,0.0,7.861311937929818,5.311083123425693,4.961175065047296,2.9469014408054575,10.27115354359474,8.399917036361394,1235.7348839707806,337.7746005290548,14.469387440960665,9.807368144858604,22683.999999942116,896.0082121887535,2.2931581731616997,1.0488450008816788,1.2443131722800211,0.17108975489331688,1.0690354434843943,0.536425086698437,0.31190626979100694,1.6835189295196364,1.0148706353512327,0.6686482941683943,0.07058325297827635,0.5972427058222748,0.7172987360072335,0.22200934827697044,9.269366773087434,5.125807892604295,4.635419082797807,4.802842321034434,10111,528,154,436,12.46733942175715,5.84574787708019,4.688728557218247,5.542248898137089
swa_LDC_RLP-swa_Latn,swa,41113,19267,937629.6820000326,1768635.762999649,0.043847801311390835,0.010893707117695451,-1.344884047888265,-1.6287656975295017,41113,15600,1.0,0.8096745731042716,0,0,0.0,0.0,7.8121518741030815,5.591996678258162,5.363103517876715,2.8432021274246946,10.85983655429786,8.113759589867708,1858.388677727276,277.0033454241806,15.327307028215214,8.292430154369239,41113.000000384774,313.52358280160263,2.885656604966799,1.5190085860919904,1.3666480188748085,0.9414540413008051,0.10057646000048646,0.6435839144842502,0.006631299734748011,1.886283888994807,1.2081205722750483,0.6781633167197465,0.4730910182512648,0.12366878121078545,0.7589595122800127,0.016561878952306926,8.828151185861387,4.9018732440322585,4.338604299293972,4.184353021545709,19160,324,157,215,9.449124464543662,5.025445898047162,4.539703632777942,4.2219169917486745
tgk_Uniparser-tgk_Cyrl,tgk,220084,159878,972039.0460000965,1462557.4470006798,0.22641477305426902,0.10931399674444767,-1.333647513633479,-1.411919119207441,220084,136814,1.0,0.8557400017513354,0,0,0.0,0.0,8.350157212700605,8.139681507149202,6.13506950419295,4.077450159123369,13.567586572420286,10.476860057434443,12140.890077487658,1425.1124614888984,17.747694740306233,13.263197668318812,220084.00000870044,9831.512519487394,1.5549335708184149,1.2388451682085022,0.31608840260991256,0.012158993838716126,0.26272695879755004,0.8621920115350031,0.0039548022598870055,1.5046282893868224,1.2638412366824525,0.24078705270442669,0.008324638843776667,0.19309680487873002,0.8910353061750478,-0.00485639940177775,10.79898931265924,5.1023382997913425,2.0950216567359443,4.996032217602789,159791,241,33,221,14.367309199067066,5.406596686297224,2.095050831329179,5.291590577198681
tgl_LDC_RLP-tgl_Latn,tgl,36450,26296,932884.1209999933,1302513.8270000552,0.03907237692172087,0.020188653244906308,-1.2364693017692472,-1.3722221127239824,36450,22940,1.0,0.8723760267721327,0,0,0.0,0.0,7.5678189300411525,6.4071721934895045,4.959597746224296,3.552143618049901,10.487384288751432,9.0960987601457,1435.546441524135,547.2661294939135,15.153631194092032,11.361834356306877,36449.99999975671,2631.800390420171,1.7491083676268862,1.0140192043895748,0.7350891632373114,0.5257064471879287,0.20614540466392317,0.7527397609249183,-0.601242800848742,1.3962225293360315,1.0051480745484793,0.39107445478751107,0.22318747560716573,0.16671853716759702,0.8537176195988319,-0.48935768842355526,9.958291091619332,4.609467309940806,4.871278750530328,2.2793562306941646,26189,279,152,169,14.17479496081836,5.222844090876096,5.118068983006019,3.0814706805573633
tsn_Sadilar-tsn_Latn,tsn,23361,15240,951196.9140001216,1377428.692999812,0.02455958346391041,0.011064093609673397,-1.213417912712916,-1.3890458423818914,23361,11828,1.0,0.7761154855643044,0,0,0.0,0.0,7.391892470356577,6.196784776902887,4.193134376589756,2.8956101315950606,9.5875962195381,8.108816204260833,769.4033065819525,276.0558194526569,14.511814411644899,10.01602510042697,23360.999999900654,1035.4377454813875,1.986130730705021,1.0183211335131201,0.9678095971919011,0.342665125636745,0.6221052180985402,0.6528243721900102,0.4296482412060301,1.4481004645058202,1.0048874201877391,0.4432130443181216,0.18239516281691293,0.25976761631920675,0.821502488812236,0.2694620065782983,9.016074285040602,4.228550639578878,3.4083082674093954,3.252547876854858,15226,93,49,78,13.418128706288693,4.482384488039094,3.4973343163859063,3.647607344843667
tso_Sadilar-tso_Latn,tso,13720,9395,947165.8550000584,1488956.6209998573,0.014485319469206535,0.006309787583798857,-1.2478144210956237,-1.4278918432267447,13720,7598,1.0,0.808728046833422,0,0,0.0,0.0,7.641326530612245,6.497072911122938,4.808682577561582,3.0589339412329575,9.734723378459412,7.8752641213568095,852.0081251203936,234.79601640042236,13.743992861057421,10.058231832903955,13719.999999973816,1066.1774309247423,1.8292274052478135,1.0199708454810497,0.8092565597667638,0.3241253644314869,0.48294460641399417,0.6705903790087407,0.25671641791044775,1.5720125605667379,1.0069608379199853,0.5650517226468058,0.19375776484255725,0.3709776626185256,0.7462691279131469,0.13454279597960506,9.194418616395316,3.5197934924933385,3.830452762934738,2.0597695512610854,9358,90,41,67,12.719884480166336,4.537890444110487,3.9582733783170254,3.4857527293212884
tur_MorphoChallenge-tur_Latn,tur,155130,50345,970728.7829999125,1950466.9540001703,0.15980776785106823,0.02581176773938596,-1.2853551768127336,-1.687753027945044,155130,37172,1.0,0.7383454166252855,38,11,0.0002449558434861084,0.00021849240242327936,8.954870108940888,6.405899294865429,6.480852964468621,3.225451548460046,13.515006324099522,9.860074690668442,11706.371307896907,929.3477276425355,17.243118185144045,10.739296385627572,155130.00000560624,1709.426154299475,2.5001869399858183,1.362199445626249,1.1379874943595694,0.0927738026171598,0.9326951588989879,0.6257009635543104,-0.09064728469555677,2.009281055798369,1.2073178940652507,0.8019631617331368,0.09289657685982904,0.6610289364418933,0.6968965782887658,-0.06664599853686115,10.593820722112627,6.858419393604645,5.446937926903611,6.6884040320274645,50196,827,344,695,12.0262065604541,7.251887672084296,6.356769603984162,7.109332010244378
uig_thuuymorph-uig_Arab,uig,228941,145392,989960.8410010054,1518095.6520164215,0.23126268284360096,0.0957726213146596,-1.223174563551236,-1.365268712359658,228941,120967,1.0,0.8320058875316386,0,0,0.0,0.0,8.849175114985957,7.870295477055134,6.835250511684762,4.457294151400891,14.509919692290952,11.368893116408001,23330.339683708666,2644.708710111589,17.804616326206276,13.115847656345215,228941.00000958203,8876.945695838818,1.69168912514578,1.250099370580193,0.44158975456558675,0.004241267400771378,0.3841382714323778,0.8195245817600629,-0.036231884057971016,1.5334906080432047,1.2046131550031867,0.3288774530424454,0.00640435433141906,0.2941603828549106,0.8553751332490136,0.031368298291567016,11.989469687105407,5.812191406170064,3.07076708463671,5.754727748017376,145127,642,103,587,14.438807589487888,6.276874947276116,4.976630882246604,6.213607039336812
xho_Sadilar-xho_Latn,xho,527337,219162,983284.3050059408,2403070.4020617395,0.5363016548879156,0.09120082366790738,-1.2156978470075908,-1.3909943239904878,527337,184501,1.0,0.8418475830664075,0,0,0.0,0.0,9.464420285320394,8.099077394803844,6.689468450287386,2.7368219451070934,14.566546870164968,8.757316477266306,24264.287388903085,432.72794391427493,19.008365699752876,9.579849207635794,527336.999997288,765.2828227635898,3.0743452479154696,2.89765178623916,0.17669346167630945,0.068096871639957,0.03227727240834609,0.950740970735578,-0.03666292555181444,2.4439222611267626,2.335546075870418,0.10837618525743954,0.04634559381043808,0.018293532103007284,0.9645658253931836,0.0036692051235597705,8.656969972821473,6.041956936362237,5.488368923985829,4.4164757140212165,217651,2556,627,1369,9.455690969389826,6.5236631771543525,5.774527416529071,4.796714336012225
zul_Sadilar-zul_Latn,zul,2001418,1084645,990254.6950313098,2361729.170280275,2.021114375970436,0.45925884036537573,-1.2140667350085739,-1.2341542775042256,2001418,994026,1.0,0.9164528486278921,0,0,0.0,0.0,12.913583269461952,14.555841773114706,7.4410436233953146,3.119817303659689,15.489334902023959,9.294774312719657,45999.63846973057,628.066849343762,20.932591077766393,11.084845380377308,2001418.000131264,2172.055693612498,2.6783680370617233,2.6254400629953363,0.05292797406638693,0.028638695165127924,0.012908347981281272,0.9801642565204207,0.04594330400782014,2.3849714441320256,2.353771678904392,0.03119976522710759,0.01907262656241536,0.005840861981289853,0.9872560612853686,0.02866175850059595,9.248105253076696,6.285027151543514,5.406668012627946,5.342497212190414,1082449,4032,1248,2591,11.02103270542013,7.724916432734878,7.021121333567074,6.219467582232951
