language,lang,script,word_count,morph_count,word_total_frequency,morph_total_frequency,word_ttr,morph_ttr,word_zipf_slope,morph_zipf_slope,word_hapax_count,morph_hapax_count,word_hapax_ratio,morph_hapax_ratio,word_freq_hapax_count,morph_freq_hapax_count,word_freq_hapax_ratio,morph_freq_hapax_ratio,word_avg_length,morph_avg_length,word_avg_length_weighted,morph_avg_length_weighted,word_frequency_entropy,morph_frequency_entropy,word_frequency_perplexity,morph_frequency_perplexity,avg_root_count,avg_prefix_count,avg_suffix_count,avg_interfix_count,avg_root_count_weighted,avg_prefix_count_weighted,avg_suffix_count_weighted,avg_interfix_count_weighted
abk_Cyrl,abk,Cyrl,400052,400052,3335056.0,3335057.0,0.4255614187615734,0.42556129110093016,-1.037019029841407,-1.0370191720829418,400051,400050,0.9999975003249577,0.9999950006499155,190380,190380,0.4758881345425095,0.4758881345425095,9.315221521202243,9.315191525101737,6.678161925916687,6.678159923503556,14.79689074561547,14.796892413069004,28464.788220952334,28464.821120309323,1.0,0.0,0.0,0.0,1.0,0.0,0.0,0.0
afr_Latn,afr,Latn,26955,26955,385259444.0,385259444.0,0.028675498358458795,0.028675498358458795,-1.260127045597578,-1.260127045597578,26955,26955,1.0,1.0,0,0,0.0,0.0,7.777295492487479,7.777295492487479,4.388864746427864,4.388864746427864,9.762890901872296,9.762890901872296,868.8063888028934,868.8063888028934,1.0,0.0,0.0,0.0,1.0,0.0,0.0,0.0
als_Latn,als,Latn,89141,89141,93333634.0,93333634.0,0.09483112889888812,0.09483112889888812,-1.2584972253944011,-1.2584972253944011,89141,89141,1.0,1.0,0,0,0.0,0.0,7.5730584130759135,7.5730584130759135,4.6652849389749464,4.6652849389749464,11.257852897120113,11.257852897120113,2448.789242852256,2448.789242852256,1.0,0.0,0.0,0.0,1.0,0.0,0.0,0.0
amh_Ethi,amh,Ethi,833549,833549,93826320.0,93826320.0,0.8868466175606419,0.8868466175606419,-1.2710452753742083,-1.2710452753742083,833544,833544,0.9999940015523983,0.9999940015523983,0,0,0.0,0.0,5.39544405907751,5.39544405907751,4.027528405675508,4.027528405675508,14.796067854585646,14.796067854585646,28448.55697365446,28448.55697365446,1.0,0.0,0.0,0.0,1.0,0.0,0.0,0.0
ara_Arab,ara,Arab,167478,167478,815220430.0,815220430.0,0.17816790864433718,0.17816790864433718,-1.3087811031185355,-1.3087811031185355,167478,167478,1.0,1.0,0,0,0.0,0.0,6.085414203656599,6.085414203656599,4.709469511209379,4.709469511209379,13.211496286657482,13.211496286657482,9485.422278808417,9485.422278808417,1.0,0.0,0.0,0.0,1.0,0.0,0.0,0.0
arg_Latn,arg,Latn,59520,59520,11563496.0,11563496.0,0.06331916611319365,0.06331916611319365,-1.1747573199152812,-1.1747573199152812,59520,59520,1.0,1.0,0,0,0.0,0.0,7.595396505376344,7.595396505376344,4.780329063113785,4.780329063113785,10.629617410463485,10.629617410463485,1584.286359414232,1584.286359414232,1.0,0.0,0.0,0.0,1.0,0.0,0.0,0.0
arz_Arab,arz,Arab,218272,218272,42614904.0,42614904.0,0.23220202074522858,0.23220202074522858,-1.192277382689376,-1.192277382689376,218271,218271,0.9999954185603284,0.9999954185603284,0,0,0.0,0.0,6.273507366954992,6.273507366954992,4.383590515656213,4.383590515656213,11.325128578162,11.325128578162,2565.6854232098153,2565.6854232098153,1.0,0.0,0.0,0.0,1.0,0.0,0.0,0.0
asm_Beng,asm,Beng,141288,141288,43778474.0,43778474.0,0.15030596675903274,0.15030596675903274,-1.340212075487167,-1.340212075487167,141288,141288,1.0,1.0,0,0,0.0,0.0,7.264537681897967,7.264537681897967,5.373740802386123,5.373740802386123,13.080079888258547,13.080079888258547,8659.571292884568,8659.571292884568,1.0,0.0,0.0,0.0,1.0,0.0,0.0,0.0
ast_Latn,ast,Latn,74376,74376,152762499.0,152762499.0,0.07912341915408849,0.07912341915408849,-1.2434700707699193,-1.2434700707699193,74375,74375,0.9999865548026245,0.9999865548026245,0,0,0.0,0.0,7.842287834785415,7.842287834785415,4.995260230719321,4.995260230719321,11.038980654908766,11.038980654908766,2104.089933926615,2104.089933926615,1.0,0.0,0.0,0.0,1.0,0.0,0.0,0.0
aze_Latn,aze,Latn,270547,270547,465087062.0,465087062.0,0.28781702481934307,0.28781702481934307,-1.3626377344401375,-1.3626377344401375,270546,270546,0.999996303784555,0.999996303784555,0,0,0.0,0.0,8.830750294773182,8.830750294773182,6.460644970596925,6.460644970596925,13.542198595969586,13.542198595969586,11929.10838854618,11929.10838854618,1.0,0.0,0.0,0.0,1.0,0.0,0.0,0.0
azj_Latn,azj,Latn,111837,111837,17777700.0,17777700.0,0.11897467238619751,0.11897467238619751,-1.2949094643315153,-1.2949094643315153,111837,111837,1.0,1.0,0,0,0.0,0.0,8.812763217897476,8.812763217897476,6.365096159795699,6.365096159795699,12.983726470582324,12.983726470582324,8100.113851039733,8100.113851039733,1.0,0.0,0.0,0.0,1.0,0.0,0.0,0.0
bak_Cyrl,bak,Cyrl,182969,182969,43489415.0,43489415.0,0.19464769053131403,0.19464769053131403,-1.288881655535044,-1.288881655535044,182969,182969,1.0,1.0,0,0,0.0,0.0,8.492985150489973,8.492985150489973,6.316547118419505,6.316547118419505,13.471684054301944,13.471684054301944,11360.069607007214,11360.069607007214,1.0,0.0,0.0,0.0,1.0,0.0,0.0,0.0
bar_Latn,bar,Latn,194759,194759,8289517.0,8289517.0,0.20718829391675705,0.20718829391675705,-1.0505819116919768,-1.0505819116919768,194759,194759,1.0,1.0,0,0,0.0,0.0,9.03608048922001,9.03608048922001,4.980145525969728,4.980145525969728,12.034346380193668,12.034346380193668,4194.683895217438,4194.683895217438,1.0,0.0,0.0,0.0,1.0,0.0,0.0,0.0
bel_Cyrl,bel,Cyrl,172320,172320,123255639.0,123255639.0,0.18331917097350936,0.18331917097350936,-1.2624997102174254,-1.2624997102174254,172320,172320,1.0,1.0,0,0,0.0,0.0,8.49678505106778,8.49678505106778,5.800022755956829,5.800022755956829,12.91893972557822,12.91893972557822,7744.410579581002,7744.410579581002,1.0,0.0,0.0,0.0,1.0,0.0,0.0,0.0
ben_Beng,ben,Beng,107493,107493,62689932.0,62689932.0,0.11435283746563767,0.11435283746563767,-1.3448726274655427,-1.3448726274655427,107493,107493,1.0,1.0,0,0,0.0,0.0,7.37206143655866,7.37206143655866,5.257527715933716,5.257527715933716,12.709906996343177,12.709906996343177,6699.821744284089,6699.821744284089,1.0,0.0,0.0,0.0,1.0,0.0,0.0,0.0
bew_Cyrl,bew,Cyrl,128793,128793,2823300.0,2823300.0,0.137011775776796,0.137011775776796,-1.1364589788668151,-1.1364589788668151,128793,128793,1.0,1.0,0,0,0.0,0.0,8.570978236394835,8.570978236394835,6.277478128431269,6.277478128431269,13.219493134428257,13.219493134428257,9538.145891524584,9538.145891524584,1.0,0.0,0.0,0.0,1.0,0.0,0.0,0.0
bos_Latn,bos,Latn,105761,105761,164642746.0,164642746.0,0.11251175515181876,0.11251175515181876,-1.2158771842618874,-1.2158771842618874,105761,105761,1.0,1.0,0,0,0.0,0.0,7.753718289350517,7.753718289350517,4.821169388173348,4.821169388173348,11.861758221595036,11.861758221595036,3721.731395111979,3721.731395111979,1.0,0.0,0.0,0.0,1.0,0.0,0.0,0.0
bpy_Beng,bpy,Beng,79216,79216,3373109.0,3373109.0,0.084272462441228,0.084272462441228,-1.102216314160284,-1.102216314160284,79200,79200,0.9997980206018986,0.9997980206018986,0,0,0.0,0.0,6.785447384366795,6.785447384366795,5.398030125916477,5.398030125916477,11.32390628906113,11.32390628906113,2563.5126277398153,2563.5126277398153,1.0,0.0,0.0,0.0,1.0,0.0,0.0,0.0
bre_Latn,bre,Latn,69451,69450,19461848.0,19461872.0,0.07388412351135396,0.07388296858417294,-1.2247992493596263,-1.2248064301095507,69451,69448,1.0,0.9999712023038156,0,0,0.0,0.0,7.3042576780751896,7.304276457883369,4.372014363692492,4.372008972209867,10.68829296827266,10.688272219382004,1650.0487896740538,1650.0250587851617,1.0,0.0,0.0,0.0,1.0,0.0,0.0,0.0
bul_Cyrl,bul,Cyrl,63602,63602,479521625.0,479521625.0,0.06766167966973904,0.06766167966973904,-1.2123094334463753,-1.2123094334463753,63602,63602,1.0,1.0,0,0,0.0,0.0,8.034637275557373,8.034637275557373,4.977001427203622,4.977001427203622,11.165064146763685,11.165064146763685,2296.2502240470617,2296.2502240470617,1.0,0.0,0.0,0.0,1.0,0.0,0.0,0.0
cak_Latn,cak,Latn,9630,9630,3485277.0,3485277.0,0.010244634030907016,0.010244634030907016,-1.2361375480527717,-1.2361375480527717,9630,9630,1.0,1.0,0,0,0.0,0.0,7.4009345794392525,7.4009345794392525,4.3523630976820495,4.3523630976820495,8.762825338264738,8.762825338264738,434.3834532970562,434.3834532970562,1.0,0.0,0.0,0.0,1.0,0.0,0.0,0.0
cat_Latn,cat,Latn,37294,37294,488750791.0,488750791.0,0.03967445753338892,0.03967445753338892,-1.2280035269024134,-1.2280035269024134,37294,37294,1.0,1.0,0,0,0.0,0.0,7.730251514989006,7.730251514989006,4.570622444271399,4.570622444271399,10.258511081800293,10.258511081800293,1224.9533407782783,1224.9533407782783,1.0,0.0,0.0,0.0,1.0,0.0,0.0,0.0
ceb_Latn,ceb,Latn,61722,61722,540279795.0,540279795.0,0.06566169227840372,0.06566169227840372,-1.1716470349666708,-1.1716470349666708,61722,61722,1.0,1.0,0,0,0.0,0.0,7.386345225365348,7.386345225365348,4.982718365398062,4.982718365398062,8.193998884184069,8.193998884184069,292.8461026456878,292.8461026456878,1.0,0.0,0.0,0.0,1.0,0.0,0.0,0.0
ces_Latn,ces,Latn,119828,119828,1541106312.0,1541106312.0,0.1274765973720391,0.1274765973720391,-1.2322085986561573,-1.2322085986561573,119828,119828,1.0,1.0,0,0,0.0,0.0,7.778999899856461,7.778999899856461,5.1662982138249784,5.1662982138249784,12.586675406199864,12.586675406199864,6151.299076408867,6151.299076408867,1.0,0.0,0.0,0.0,1.0,0.0,0.0,0.0
che_Cyrl,che,Cyrl,107612,107612,8438188.0,8438188.0,0.11448006882397001,0.11448006882397001,-1.1639295818096904,-1.1639295818096904,107612,107612,1.0,1.0,0,0,0.0,0.0,7.723906255807902,7.723906255807902,6.750738784203433,6.750738784203433,10.58368167330207,10.58368167330207,1534.6369414121407,1534.6369414121407,1.0,0.0,0.0,0.0,1.0,0.0,0.0,0.0
chv_Cyrl,chv,Cyrl,143960,143960,12800189.0,12800189.0,0.1531493757415338,0.1531493757415338,-1.2346490709086069,-1.2346490709086069,143960,143960,1.0,1.0,0,0,0.0,0.0,8.05070158377327,8.05070158377327,5.817287307242104,5.817287307242104,13.268701636060369,13.268701636060369,9869.09196524158,9869.09196524158,1.0,0.0,0.0,0.0,1.0,0.0,0.0,0.0
ckb_Arab,ckb,Arab,502075,502075,32042637.0,32042637.0,0.534137082044811,0.534137082044811,-1.2047266915099388,-1.2047266915099388,502052,502052,0.9999541901110391,0.9999541901110391,0,0,0.0,0.0,8.34064830951551,8.34064830951551,5.473181779639423,5.473181779639423,13.282995647186356,13.282995647186356,9967.359488960874,9967.359488960874,1.0,0.0,0.0,0.0,1.0,0.0,0.0,0.0
cmn_Hani,cmn,Hani,76787,76787,57907304.0,57907304.0,0.08168823530261526,0.08168823530261526,-1.23497023317648,-1.23497023317648,76787,76787,1.0,1.0,0,0,0.0,0.0,2.468542852305729,2.468542852305729,1.7926763435576278,1.7926763435576278,12.092036110072707,12.092036110072707,4365.817504211106,4365.817504211106,1.0,0.0,0.0,0.0,1.0,0.0,0.0,0.0
cos_Latn,cos,Latn,714380,714380,59655051.0,59655051.0,0.7599765590883427,0.7599765590883427,-1.266702970517543,-1.266702970517543,714307,714307,0.9998978134886195,0.9998978134886195,0,0,0.0,0.0,8.407582799070523,8.407582799070523,4.964357033237638,4.964357033237638,13.49864602430458,13.49864602430458,11574.369806662033,11574.369806662033,1.0,0.0,0.0,0.0,1.0,0.0,0.0,0.0
cym_Latn,cym,Latn,36040,36040,42380203.0,42380203.0,0.03834041843485769,0.03834041843485769,-1.3044718494019332,-1.3044718494019332,36040,36040,1.0,1.0,0,0,0.0,0.0,7.0397058823529415,7.0397058823529415,4.604311428144881,4.604311428144881,10.861227288336966,10.861227288336966,1860.1809972670094,1860.1809972670094,1.0,0.0,0.0,0.0,1.0,0.0,0.0,0.0
dan_Latn,dan,Latn,63300,63300,2922101529.0,2922101529.0,0.06734040146130368,0.06734040146130368,-1.2855572797357795,-1.2855572797357795,63300,63300,1.0,1.0,0,0,0.0,0.0,8.589589257503949,8.589589257503949,4.6754723336651045,4.6754723336651045,10.611518194415082,10.611518194415082,1564.5349744918537,1564.5349744918537,1.0,0.0,0.0,0.0,1.0,0.0,0.0,0.0
deu_Latn,deu,Latn,125408,125408,8729344767.0,8729344767.0,0.13341275119688528,0.13341275119688528,-1.2784849550971107,-1.2784849550971107,125408,125408,1.0,1.0,0,0,0.0,0.0,9.913003955090584,9.913003955090584,5.592710821041169,5.592710821041169,11.328188735955285,11.328188735955285,2571.1333764303836,2571.1333764303836,1.0,0.0,0.0,0.0,1.0,0.0,0.0,0.0
div_Thaa,div,Thaa,187780,187780,39566852.0,39566852.0,0.19976494119554913,0.19976494119554913,-1.3003230314155383,-1.3003230314155383,187780,187780,1.0,1.0,0,0,0.0,0.0,10.531419746511876,10.531419746511876,7.7219616814600265,7.7219616814600265,13.244284313938685,13.244284313938685,9703.465131396675,9703.465131396675,1.0,0.0,0.0,0.0,1.0,0.0,0.0,0.0
ekk_Latn,ekk,Latn,319255,319255,17989183.0,17989183.0,0.339627372341207,0.339627372341207,-1.1658845175691408,-1.1658845175691408,319255,319255,1.0,1.0,0,0,0.0,0.0,9.868594070570547,9.868594070570547,6.564535309913741,6.564535309913741,13.611178343766579,13.611178343766579,12513.33172672154,12513.33172672154,1.0,0.0,0.0,0.0,1.0,0.0,0.0,0.0
ell_Grek,ell,Grek,57473,57473,661335985.0,661335985.0,0.06114144844896282,0.06114144844896282,-1.2090699757258219,-1.2090699757258219,57473,57473,1.0,1.0,0,0,0.0,0.0,8.247263932629235,8.247263932629235,5.163357549642487,5.163357549642487,10.985362016539117,10.985362016539117,2027.3254868086815,2027.3254868086815,1.0,0.0,0.0,0.0,1.0,0.0,0.0,0.0
eng_Latn,eng,Latn,25844,25844,20206328177.0,20206328177.0,0.02749359303750378,0.02749359303750378,-1.2882131283175369,-1.2882131283175369,25844,25844,1.0,1.0,0,0,0.0,0.0,7.129933446834856,7.129933446834856,4.719709601794616,4.719709601794616,10.566117121601852,10.566117121601852,1516.0662902201884,1516.0662902201884,1.0,0.0,0.0,0.0,1.0,0.0,0.0,0.0
epo_Latn,epo,Latn,131137,131137,177515321.0,177515321.0,0.13950749771393553,0.13950749771393553,-1.2808048917988013,-1.2808048917988013,131137,131137,1.0,1.0,0,0,0.0,0.0,7.980516559018431,7.980516559018431,4.875606449766665,4.875606449766665,11.079945873803132,11.079945873803132,2164.6917318957167,2164.6917318957167,1.0,0.0,0.0,0.0,1.0,0.0,0.0,0.0
est_Latn,est,Latn,194551,194551,231889068.0,231889068.0,0.20696846924294224,0.20696846924294224,-1.2854549457087632,-1.2854549457087632,194549,194549,0.9999897199191986,0.9999897199191986,0,0,0.0,0.0,9.586936073317537,9.586936073317537,6.096997310800353,6.096997310800353,12.81352443713349,12.81352443713349,7198.718741757522,7198.718741757522,1.0,0.0,0.0,0.0,1.0,0.0,0.0,0.0
eus_Latn,eus,Latn,160759,160759,175720321.0,175720321.0,0.17102025624870018,0.17102025624870018,-1.3283440135394813,-1.3283440135394813,160754,160754,0.9999688975422838,0.9999688975422838,0,0,0.0,0.0,9.077892995104474,9.077892995104474,6.491208151161982,6.491208151161982,12.735753146333034,12.735753146333034,6820.931913346156,6820.931913346156,1.0,0.0,0.0,0.0,1.0,0.0,0.0,0.0
fao_Latn,fao,Latn,66027,66027,51780246.0,51780246.0,0.07024135657564737,0.07024135657564737,-1.2577517260009226,-1.2577517260009226,66027,66027,1.0,1.0,0,0,0.0,0.0,8.599512320717283,8.599512320717283,4.860132298328594,4.860132298328594,10.88080962587786,10.88080962587786,1885.6021925106404,1885.6021925106404,1.0,0.0,0.0,0.0,1.0,0.0,0.0,0.0
fas_Arab,fas,Arab,35968,35968,1192772999.0,1192772999.0,0.03826378619094171,0.03826378619094171,-1.3272540867516174,-1.3272540867516174,35968,35968,1.0,1.0,0,0,0.0,0.0,5.7171652580071175,5.7171652580071175,3.884357576742899,3.884357576742899,11.026210319813664,11.026210319813664,2085.547303436231,2085.547303436231,1.0,0.0,0.0,0.0,1.0,0.0,0.0,0.0
fil_Latn,fil,Latn,46202,46202,644503319.0,644503319.0,0.04915104207783727,0.04915104207783727,-1.2832614059653993,-1.2832614059653993,46200,46200,0.9999567118306567,0.9999567118306567,0,0,0.0,0.0,7.374096359464958,7.374096359464958,4.77212186086508,4.77212186086508,10.564038743944003,10.564038743944003,1513.8837848144226,1513.8837848144226,1.0,0.0,0.0,0.0,1.0,0.0,0.0,0.0
fin_Latn,fin,Latn,702267,702267,621134590.0,621134590.0,0.7470950472180583,0.7470950472180583,-1.2951108982842554,-1.2951108982842554,702256,702256,0.9999843364418376,0.9999843364418376,0,0,0.0,0.0,11.296461317419158,11.296461317419158,7.173882038995767,7.173882038995767,13.960848256777991,13.960848256777991,15945.351239798109,15945.351239798109,1.0,0.0,0.0,0.0,1.0,0.0,0.0,0.0
fra_Latn,fra,Latn,32063,32062,2074853825.0,2074857417.0,0.03410957047653966,0.034108447610241,-1.2152014449220592,-1.2152046765530824,32062,32059,0.9999688114025512,0.9999064312893768,0,0,0.0,0.0,7.964944016467579,7.964880543946104,4.8431351138676,4.8431267294161255,10.406155539421896,10.406151304351265,1356.953473045091,1356.9494896770177,1.0,0.0,0.0,0.0,1.0,0.0,0.0,0.0
fry_Latn,fry,Latn,68550,68550,24507838.0,24507838.0,0.0729255611627314,0.0729255611627314,-1.2295841373855236,-1.2295841373855236,68548,68548,0.9999708242159008,0.9999708242159008,0,0,0.0,0.0,8.014500364697302,8.014500364697302,4.505460824410542,4.505460824410542,10.527771935020079,10.527771935020079,1476.301768309132,1476.301768309132,1.0,0.0,0.0,0.0,1.0,0.0,0.0,0.0
gla_Latn,gla,Latn,32234,32234,4455339.0,4455339.0,0.03429134303982053,0.03429134303982053,-1.2396657989711544,-1.2396657989711544,32233,32233,0.9999689768567351,0.9999689768567351,0,0,0.0,0.0,7.396910094930818,7.396910094930818,4.51138128883122,4.51138128883122,10.310385007258974,10.310385007258974,1269.7995067243685,1269.7995067243685,1.0,0.0,0.0,0.0,1.0,0.0,0.0,0.0
gle_Latn,gle,Latn,44344,44344,213810903.0,213810903.0,0.047174431098349144,0.047174431098349144,-1.3085846154315794,-1.3085846154315794,44298,44298,0.9989626556016598,0.9989626556016598,0,0,0.0,0.0,7.697591556918636,7.697591556918636,4.730479254371794,4.730479254371794,10.519991445615634,10.519991445615634,1468.361467370303,1468.361467370303,1.0,0.0,0.0,0.0,1.0,0.0,0.0,0.0
glg_Latn,glg,Latn,44741,44741,349076841.0,349076841.0,0.04759680719413175,0.04759680719413175,-1.2526717081101728,-1.2526717081101728,44740,44740,0.9999776491361391,0.9999776491361391,0,0,0.0,0.0,7.799602154623276,7.799602154623276,4.945642363596386,4.945642363596386,10.793362364477792,10.793362364477792,1774.703581630546,1774.703581630546,1.0,0.0,0.0,0.0,1.0,0.0,0.0,0.0
glk_Arab,glk,Arab,42107,42107,18929750.0,18929750.0,0.04479470915751044,0.04479470915751044,-1.335546512896067,-1.335546512896067,42107,42107,1.0,1.0,0,0,0.0,0.0,5.304106205619018,5.304106205619018,3.548961660877719,3.548961660877719,11.048926517622482,11.048926517622482,2118.645532893132,2118.645532893132,1.0,0.0,0.0,0.0,1.0,0.0,0.0,0.0
gsw_Latn,gsw,Latn,207260,207260,10288962.0,10288962.0,0.2204922273975333,0.2204922273975333,-1.1124434439330184,-1.1124434439330184,207229,207229,0.9998504294123324,0.9998504294123324,0,0,0.0,0.0,8.839809900607932,8.839809900607932,4.712188168252541,4.712188168252541,12.010597660507708,12.010597660507708,4126.198925813898,4126.198925813898,1.0,0.0,0.0,0.0,1.0,0.0,0.0,0.0
guj_Gujr,guj,Gujr,102287,102287,300727238.0,300727238.0,0.10881599113346925,0.10881599113346925,-1.3092248732976166,-1.3092248732976166,102287,102287,1.0,1.0,0,0,0.0,0.0,6.833800971775495,6.833800971775495,4.6428533553718205,4.6428533553718205,12.134605202413898,12.134605202413898,4496.55750118999,4496.55750118999,1.0,0.0,0.0,0.0,1.0,0.0,0.0,0.0
hat_Latn,hat,Latn,60601,60601,93458679.0,93458679.0,0.06446915696052767,0.06446915696052767,-1.3190394618551962,-1.3190394618551962,60600,60600,0.999983498622135,0.999983498622135,0,0,0.0,0.0,6.428408772132473,6.428408772132473,4.080821225816813,4.080821225816813,10.874354376256498,10.874354376256498,1877.1840295855063,1877.1840295855063,1.0,0.0,0.0,0.0,1.0,0.0,0.0,0.0
hau_Latn,hau,Latn,47162,47162,115863291.0,115863291.0,0.05017231560625039,0.05017231560625039,-1.3440890788396096,-1.3440890788396096,47162,47162,1.0,1.0,0,0,0.0,0.0,6.468512785717315,6.468512785717315,4.419715852883896,4.419715852883896,10.700341002001954,10.700341002001954,1663.8861450056015,1663.8861450056015,1.0,0.0,0.0,0.0,1.0,0.0,0.0,0.0
haw_Latn,haw,Latn,75528,75528,31613895.0,31613895.0,0.08034910618552124,0.08034910618552124,-1.2447814117287443,-1.2447814117287443,75507,75507,0.9997219574197649,0.9997219574197649,0,0,0.0,0.0,6.813287787310666,6.813287787310666,3.7935222471005234,3.7935222471005234,10.387022637508352,10.387022637508352,1339.0764723532254,1339.0764723532254,1.0,0.0,0.0,0.0,1.0,0.0,0.0,0.0
hbs_Latn,hbs,Latn,152283,152283,639150781.0,639150781.0,0.1620032654248942,0.1620032654248942,-1.2485383320795445,-1.2485383320795445,152283,152283,1.0,1.0,0,0,0.0,0.0,8.024730271927924,8.024730271927924,5.221234161333208,5.221234161333208,12.506458206565576,12.506458206565576,5818.607463587969,5818.607463587969,1.0,0.0,0.0,0.0,1.0,0.0,0.0,0.0
heb_Hebr,heb,Hebr,121135,121135,467740036.0,467740036.0,0.1288671195720422,0.1288671195720422,-1.2551417440581654,-1.2551417440581654,121135,121135,1.0,1.0,0,0,0.0,0.0,5.783250092871589,5.783250092871589,4.323123845229276,4.323123845229276,13.166016903531379,13.166016903531379,9191.068680272916,9191.068680272916,1.0,0.0,0.0,0.0,1.0,0.0,0.0,0.0
hif_Latn,hif,Latn,45386,45386,11195089.0,11195089.0,0.048282864796391385,0.048282864796391385,-1.3011337639019902,-1.3011337639019902,45383,45383,0.999933900321685,0.999933900321685,0,0,0.0,0.0,5.985788569162297,5.985788569162297,3.9564860985026558,3.9564860985026558,10.911142328353758,10.911142328353758,1925.666733051193,1925.666733051193,1.0,0.0,0.0,0.0,1.0,0.0,0.0,0.0
hin_Deva,hin,Deva,21948,21948,519432093.0,519432093.0,0.023348906387937515,0.023348906387937515,-1.2833542645614453,-1.2833542645614453,21948,21948,1.0,1.0,0,0,0.0,0.0,5.777884089666484,5.777884089666484,3.884382981318792,3.884382981318792,10.395472465588387,10.395472465588387,1346.9424219655696,1346.9424219655696,1.0,0.0,0.0,0.0,1.0,0.0,0.0,0.0
hmn_Latn,hmn,Latn,21323,21323,57928927.0,57928927.0,0.022684026939824922,0.022684026939824922,-1.375623841449697,-1.375623841449697,21323,21323,1.0,1.0,0,0,0.0,0.0,6.175772639872438,6.175772639872438,3.9248654648825103,3.9248654648825103,9.646252571264329,9.646252571264329,801.3299402980587,801.3299402980587,1.0,0.0,0.0,0.0,1.0,0.0,0.0,0.0
hrv_Latn,hrv,Latn,97956,97956,1068304306.0,1068304306.0,0.10420847937575443,0.10420847937575443,-1.215700139735806,-1.215700139735806,97956,97956,1.0,1.0,0,0,0.0,0.0,7.96573971987423,7.96573971987423,5.167063753274809,5.167063753274809,12.106145269654796,12.106145269654796,4408.723457465397,4408.723457465397,1.0,0.0,0.0,0.0,1.0,0.0,0.0,0.0
hsb_Latn,hsb,Latn,103553,103553,8798887.0,8798887.0,0.11016315000501217,0.11016315000501217,-1.1817551899914334,-1.1817551899914334,103553,103553,1.0,1.0,0,0,0.0,0.0,8.134636369781658,8.134636369781658,5.14304206884348,5.14304206884348,12.122383844213495,12.122383844213495,4458.627148009998,4458.627148009998,1.0,0.0,0.0,0.0,1.0,0.0,0.0,0.0
hun_Latn,hun,Latn,316281,316281,1181508970.0,1181508970.0,0.3364688980162692,0.3364688980162692,-1.2595305746839687,-1.2595305746839687,316281,316281,1.0,1.0,0,0,0.0,0.0,9.573739807323236,9.573739807323236,5.846165321114744,5.846165321114744,12.47627802612859,12.47627802612859,5698.150558164308,5698.150558164308,1.0,0.0,0.0,0.0,1.0,0.0,0.0,0.0
hye_Armn,hye,Armn,224488,224488,85016022.0,85016022.0,0.23881736375084836,0.23881736375084836,-1.3040119460205442,-1.3040119460205442,224487,224487,0.9999955454189088,0.9999955454189088,0,0,0.0,0.0,8.955440825344784,8.955440825344784,6.342706778258808,6.342706778258808,12.921149223856808,12.921149223856808,7756.28028943898,7756.28028943898,1.0,0.0,0.0,0.0,1.0,0.0,0.0,0.0
ibo_Latn,ibo,Latn,53844,53844,43150660.0,43150660.0,0.05728078378937023,0.05728078378937023,-1.326205325492073,-1.326205325492073,53844,53844,1.0,1.0,0,0,0.0,0.0,6.366856102815541,6.366856102815541,4.185865592785834,4.185865592785834,10.938895579160056,10.938895579160056,1963.0695598586321,1963.0695598586321,1.0,0.0,0.0,0.0,1.0,0.0,0.0,0.0
ido_Latn,ido,Latn,21232,21232,8816512.0,8816512.0,0.022587220538280033,0.022587220538280033,-1.2002938375012915,-1.2002938375012915,21232,21232,1.0,1.0,0,0,0.0,0.0,7.214487565938207,7.214487565938207,4.66002859180592,4.66002859180592,8.862149537935332,8.862149537935332,465.3426267220468,465.3426267220468,1.0,0.0,0.0,0.0,1.0,0.0,0.0,0.0
iku_Cans,iku,Cans,1113285,1113285,4929838.0,4929838.0,1.1840557454941827,1.1840557454941827,-0.6893585089316737,-0.6893585089316737,1113285,1113285,1.0,1.0,845597,845597,0.7595512380028474,0.7595512380028474,11.337907184593343,11.337907184593343,7.60398718984275,7.60398718984275,15.1394405457234,15.1394405457234,36093.227741104456,36093.227741104456,1.0,0.0,0.0,0.0,1.0,0.0,0.0,0.0
ilo_Latn,ilo,Latn,42729,42729,3905664.0,3905664.0,0.04545648269283063,0.04545648269283063,-1.1477660785492767,-1.1477660785492767,42729,42729,1.0,1.0,0,0,0.0,0.0,7.990451449835007,7.990451449835007,4.863065025562875,4.863065025562875,9.123228444160413,9.123228444160413,557.6547669428084,557.6547669428084,1.0,0.0,0.0,0.0,1.0,0.0,0.0,0.0
ina_Latn,ina,Latn,75488,75488,5578256.0,5578256.0,0.08030580768148407,0.08030580768148407,-1.1951866953305978,-1.1951866953305978,75487,75487,0.999986752861382,0.999986752861382,0,0,0.0,0.0,7.5046894870707925,7.5046894870707925,4.921836323037164,4.921836323037164,11.13294898855445,11.13294898855445,2245.699207604257,2245.699207604257,1.0,0.0,0.0,0.0,1.0,0.0,0.0,0.0
ind_Latn,ind,Latn,25293,25293,2067566373.0,2067566373.0,0.026907448182508023,0.026907448182508023,-1.299727546663065,-1.299727546663065,25293,25293,1.0,1.0,0,0,0.0,0.0,7.256236903491084,7.256236903491084,5.981845850034048,5.981845850034048,11.227363782062518,11.227363782062518,2397.5809023649485,2397.5809023649485,1.0,0.0,0.0,0.0,1.0,0.0,0.0,0.0
isl_Latn,isl,Latn,106092,106092,1526456952.0,1526456952.0,0.11286381213725413,0.11286381213725413,-1.2574807086582018,-1.2574807086582018,106092,106092,1.0,1.0,0,0,0.0,0.0,8.731704558307884,8.731704558307884,4.808525430332607,4.808525430332607,11.181595273682012,11.181595273682012,2322.7131396289346,2322.7131396289346,1.0,0.0,0.0,0.0,1.0,0.0,0.0,0.0
ita_Latn,ita,Latn,34610,34610,2446251901.0,2446251901.0,0.03681910910102809,0.03681910910102809,-1.2230831125510453,-1.2230831125510453,34610,34610,1.0,1.0,0,0,0.0,0.0,8.050043340075122,8.050043340075122,4.993752228462755,4.993752228462755,10.780439362759429,10.780439362759429,1758.8775862266057,1758.8775862266057,1.0,0.0,0.0,0.0,1.0,0.0,0.0,0.0
jav_Latn,jav,Latn,91343,91343,9500307.0,9500307.0,0.0971729418568271,0.0971729418568271,-1.2777988123546655,-1.2777988123546655,91342,91342,0.9999890522535936,0.9999890522535936,0,0,0.0,0.0,7.307544092048651,7.307544092048651,5.736417465246123,5.736417465246123,12.273507293592544,12.273507293592544,4951.01049996407,4951.01049996407,1.0,0.0,0.0,0.0,1.0,0.0,0.0,0.0
kal_Latn,kal,Latn,402734,402734,3524588.0,3524588.0,0.4284410855104309,0.4284410855104309,-1.0007791352454738,-1.0007791352454738,402731,402731,0.9999925509144993,0.9999925509144993,161433,161433,0.40084273987296826,0.40084273987296826,17.054723465115934,17.054723465115934,12.021095798998351,12.021095798998351,14.64013528477386,14.64013528477386,25534.059220484458,25534.059220484458,1.0,0.0,0.0,0.0,1.0,0.0,0.0,0.0
kan_Knda,kan,Knda,480029,480029,193990194.0,193990194.0,0.510661513460081,0.510661513460081,-1.3553991507787087,-1.3553991507787087,480028,480028,0.9999979167925271,0.9999979167925271,0,0,0.0,0.0,9.780252859723058,9.780252859723058,6.897661852949124,6.897661852949124,14.3004522165886,14.3004522165886,20177.393734710957,20177.393734710957,1.0,0.0,0.0,0.0,1.0,0.0,0.0,0.0
kat_Geor,kat,Geor,235515,235515,638155270.0,638155270.0,0.25054761859431235,0.25054761859431235,-1.3140712180397236,-1.3140712180397236,235515,235515,1.0,1.0,0,0,0.0,0.0,8.854005052756724,8.854005052756724,6.794393071454224,6.794393071454224,13.481371810748769,13.481371810748769,11436.60963805863,11436.60963805863,1.0,0.0,0.0,0.0,1.0,0.0,0.0,0.0
kaz_Cyrl,kaz,Cyrl,161555,161555,430054219.0,430054219.0,0.17186699787343368,0.17186699787343368,-1.34037039104057,-1.34037039104057,161555,161555,1.0,1.0,0,0,0.0,0.0,8.839720219120423,8.839720219120423,6.807099513654579,6.807099513654579,13.528634377699165,13.528634377699165,11817.476519373287,11817.476519373287,1.0,0.0,0.0,0.0,1.0,0.0,0.0,0.0
kin_Latn,kin,Latn,88987,88987,12480325.0,12480325.0,0.09466678148760677,0.09466678148760677,-1.273505207144446,-1.273505207144446,88970,88970,0.9998089608594514,0.9998089608594514,0,0,0.0,0.0,8.460449279108184,8.460449279108184,5.894832466301959,5.894832466301959,12.069832588271952,12.069832588271952,4299.140630736609,4299.140630736609,1.0,0.0,0.0,0.0,1.0,0.0,0.0,0.0
kir_Cyrl,kir,Cyrl,121224,121224,65459958.0,65459958.0,0.12896156534608758,0.12896156534608758,-1.3027600624084452,-1.3027600624084452,121224,121224,1.0,1.0,0,0,0.0,0.0,8.611991024879561,8.611991024879561,6.435503044471859,6.435503044471859,13.111982629864626,13.111982629864626,8853.195899851651,8853.195899851651,1.0,0.0,0.0,0.0,1.0,0.0,0.0,0.0
kor_Hang,kor,Hang,2228267,2228267,90847065.0,90847065.0,2.3701851242533447,2.3701851242533447,-1.2182038314921761,-1.2182038314921761,2228161,2228161,0.9999524293991698,0.9999524293991698,0,0,0.0,0.0,4.729069720998426,4.729069720998426,3.010112159374659,3.010112159374659,15.754332359079177,15.754332359079177,55274.72642117678,55274.72642117678,1.0,0.0,0.0,0.0,1.0,0.0,0.0,0.0
lat_Latn,lat,Latn,215617,215617,39336866.0,39336866.0,0.2293787557619893,0.2293787557619893,-1.241713830673427,-1.241713830673427,215617,215617,1.0,1.0,0,0,0.0,0.0,8.426241901148796,8.426241901148796,5.751539535457654,5.751539535457654,13.014917402153964,13.014917402153964,8277.144349144011,8277.144349144011,1.0,0.0,0.0,0.0,1.0,0.0,0.0,0.0
lav_Latn,lav,Latn,57427,57427,9616447.0,9616447.0,0.06109285872080713,0.06109285872080713,-1.2071015328611574,-1.2071015328611574,57427,57427,1.0,1.0,0,0,0.0,0.0,8.286050115799188,8.286050115799188,6.091729928943611,6.091729928943611,12.332633334026314,12.332633334026314,5158.133273706134,5158.133273706134,1.0,0.0,0.0,0.0,1.0,0.0,0.0,0.0
lim_Latn,lim,Latn,132792,132792,14906579.0,14906579.0,0.14126922112136348,0.14126922112136348,-1.1874869691944387,-1.1874869691944387,132792,132792,1.0,1.0,0,0,0.0,0.0,8.034173745406349,8.034173745406349,4.759472646272495,4.759472646272495,11.65142696562887,11.65142696562887,3216.8366561039065,3216.8366561039065,1.0,0.0,0.0,0.0,1.0,0.0,0.0,0.0
lit_Latn,lit,Latn,151592,151592,307873215.0,307873215.0,0.16126812285002112,0.16126812285002112,-1.2812050757308429,-1.2812050757308429,151592,151592,1.0,1.0,0,0,0.0,0.0,8.536037521768959,8.536037521768959,6.259676172219139,6.259676172219139,13.150129043474202,13.150129043474202,9090.406180381382,9090.406180381382,1.0,0.0,0.0,0.0,1.0,0.0,0.0,0.0
lmo_Latn,lmo,Latn,94664,94664,10282232.0,10282232.0,0.10070606114780248,0.10070606114780248,-1.1294258186565533,-1.1294258186565533,94664,94664,1.0,1.0,0,0,0.0,0.0,7.1202780360010145,7.1202780360010145,4.3034415095866345,4.3034415095866345,10.663266692135043,10.663266692135043,1621.672402933743,1621.672402933743,1.0,0.0,0.0,0.0,1.0,0.0,0.0,0.0
ltz_Latn,ltz,Latn,908761,908761,237721917.0,237721917.0,0.9667679314796109,0.9667679314796109,-1.2836682752879107,-1.2836682752879107,908581,908581,0.9998019281197147,0.9998019281197147,0,0,0.0,0.0,13.680810466118155,13.680810466118155,6.257516243233055,6.257516243233055,13.795303670777296,13.795303670777296,14216.745997534734,14216.745997534734,1.0,0.0,0.0,0.0,1.0,0.0,0.0,0.0
lug_Latn,lug,Latn,184979,184979,9483047.0,9483047.0,0.19679104790919366,0.19679104790919366,-1.1914997193623562,-1.1914997193623562,184979,184979,1.0,1.0,0,0,0.0,0.0,9.388065672319561,9.388065672319561,6.1691310820245855,6.1691310820245855,12.610719281319664,12.610719281319664,6254.675322502266,6254.675322502266,1.0,0.0,0.0,0.0,1.0,0.0,0.0,0.0
lus_Latn,lus,Latn,11747,11747,6148404.0,6148404.0,0.012496774662990973,0.012496774662990973,-1.2743101572919557,-1.2743101572919557,11747,11747,1.0,1.0,0,0,0.0,0.0,6.403081637864987,6.403081637864987,4.119725541782875,4.119725541782875,9.652397790954398,9.652397790954398,804.7505184717559,804.7505184717559,1.0,0.0,0.0,0.0,1.0,0.0,0.0,0.0
lvs_Latn,lvs,Latn,100203,100203,8880885.0,8880885.0,0.10659881085991552,0.10659881085991552,-1.1981808758437866,-1.1981808758437866,100203,100203,1.0,1.0,0,0,0.0,0.0,8.213965649731046,8.213965649731046,6.079088739466844,6.079088739466844,12.75639156326615,12.75639156326615,6919.209764411707,6919.209764411707,1.0,0.0,0.0,0.0,1.0,0.0,0.0,0.0
mal_Mlym,mal,Mlym,1820175,1820175,158925439.0,158925439.0,1.936165225785132,1.936165225785132,-1.2847362862120886,-1.2847362862120886,1820163,1820163,0.999993407227327,0.999993407227327,0,0,0.0,0.0,12.801213070171825,12.801213070171825,8.558845654659478,8.558845654659478,15.605119188436387,15.605119188436387,49843.5494473578,49843.5494473578,1.0,0.0,0.0,0.0,1.0,0.0,0.0,0.0
mar_Deva,mar,Deva,153312,153312,261630443.0,261630443.0,0.1630979710667352,0.1630979710667352,-1.3407636492653456,-1.3407636492653456,153312,153312,1.0,1.0,0,0,0.0,0.0,7.925256992277187,7.925256992277187,5.606882567561145,5.606882567561145,13.000831864888216,13.000831864888216,8196.724908608538,8196.724908608538,1.0,0.0,0.0,0.0,1.0,0.0,0.0,0.0
min_Latn,min,Latn,26493,26493,11638575.0,11638575.0,0.028184018386894296,0.028184018386894296,-1.1161740038754302,-1.1161740038754302,26493,26493,1.0,1.0,0,0,0.0,0.0,7.969992073377873,7.969992073377873,6.234296294864277,6.234296294864277,8.656262741433787,8.656262741433787,403.454659517925,403.454659517925,1.0,0.0,0.0,0.0,1.0,0.0,0.0,0.0
mkd_Cyrl,mkd,Cyrl,46170,46170,736140290.0,736140290.0,0.04911700680275438,0.04911700680275438,-1.1889794952494017,-1.1889794952494017,46170,46170,1.0,1.0,0,0,0.0,0.0,7.972124756335282,7.972124756335282,4.9839970639292135,4.9839970639292135,10.921837913707652,10.921837913707652,1939.9959344661524,1939.9959344661524,1.0,0.0,0.0,0.0,1.0,0.0,0.0,0.0
mlg_Latn,mlg,Latn,95481,95481,96352451.0,96352451.0,0.10157551224813037,0.10157551224813037,-1.273036051294053,-1.273036051294053,95441,95441,0.9995810684848294,0.9995810684848294,0,0,0.0,0.0,8.333040081272713,8.333040081272713,5.562894565079616,5.562894565079616,11.388885489949361,11.388885489949361,2681.6132921629037,2681.6132921629037,1.0,0.0,0.0,0.0,1.0,0.0,0.0,0.0
mlt_Latn,mlt,Latn,1203355,1203355,454445613.0,454445613.0,1.2800656258933383,1.2800656258933383,-1.440411507642948,-1.440411507642948,1203175,1203175,0.9998504182057664,0.9998504182057664,0,0,0.0,0.0,10.121890880081107,10.121890880081107,7.09992636236539,7.09992636236539,14.573038692725317,14.573038692725317,24373.71757205725,24373.71757205725,1.0,0.0,0.0,0.0,1.0,0.0,0.0,0.0
mon_Cyrl,mon,Cyrl,69694,69694,148361900.0,148361900.0,0.07414245885703916,0.07414245885703916,-1.3616844480061085,-1.3616844480061085,69694,69694,1.0,1.0,0,0,0.0,0.0,7.739762389875742,7.739762389875742,5.850891974287199,5.850891974287199,12.528340579644189,12.528340579644189,5907.535095463292,5907.535095463292,1.0,0.0,0.0,0.0,1.0,0.0,0.0,0.0
mri_Latn,mri,Latn,76748,76748,72456675.0,72456675.0,0.08164664278532545,0.08164664278532545,-1.23133672256298,-1.23133672256298,76747,76747,0.9999869703445041,0.9999869703445041,0,0,0.0,0.0,6.898082034711003,6.898082034711003,3.8876401518562647,3.8876401518562647,10.430456924339625,10.430456924339625,1380.0041826576114,1380.0041826576114,1.0,0.0,0.0,0.0,1.0,0.0,0.0,0.0
msa_Latn,msa,Latn,40163,40163,106871111.0,106871111.0,0.0427265876993537,0.0427265876993537,-1.3451885015277774,-1.3451885015277774,40163,40163,1.0,1.0,0,0,0.0,0.0,7.165525483654109,7.165525483654109,5.8696390458596435,5.8696390458596435,11.490891339153732,11.490891339153732,2878.080718693551,2878.080718693551,1.0,0.0,0.0,0.0,1.0,0.0,0.0,0.0
mwl_Latn,mwl,Latn,33516,33516,5924394.0,5924394.0,0.035655255310853805,0.035655255310853805,-1.1548783927497166,-1.1548783927497166,33516,33516,1.0,1.0,0,0,0.0,0.0,7.991765127103473,7.991765127103473,4.822008124375253,4.822008124375253,10.25420269846828,10.25420269846828,1221.3006657997275,1221.3006657997275,1.0,0.0,0.0,0.0,1.0,0.0,0.0,0.0
nan_Latn,nan,Latn,73355,73355,11081765.0,11081765.0,0.07803708701732077,0.07803708701732077,-1.0656060372432372,-1.0656060372432372,73355,73355,1.0,1.0,0,0,0.0,0.0,8.81729943425806,8.81729943425806,5.162617056037553,5.162617056037553,9.12587741597919,9.12587741597919,558.6796327149967,558.6796327149967,1.0,0.0,0.0,0.0,1.0,0.0,0.0,0.0
nds_Latn,nds,Latn,115101,115101,22220060.0,22220060.0,0.12244795753288155,0.12244795753288155,-1.1889194343334701,-1.1889194343334701,115101,115101,1.0,1.0,0,0,0.0,0.0,8.420456816187523,8.420456816187523,4.848970569836445,4.848970569836445,10.948513159345774,10.948513159345774,1976.1998813551215,1976.1998813551215,1.0,0.0,0.0,0.0,1.0,0.0,0.0,0.0
nep_Deva,nep,Deva,166313,166314,66009190.0,66012362.0,0.17692825924991018,0.1769208209244839,-1.335611148361802,-1.3356415542292128,166266,166266,0.9997174003234864,0.9997113892997583,0,0,0.0,0.0,7.6387353965113975,7.638695479634907,5.463261327703006,5.462998809223036,13.016796752357955,13.01688745777725,8287.933732064985,8288.454829120054,1.0,0.0,0.0,0.0,1.0,0.0,0.0,0.0
new_Deva,new,Deva,49090,49090,3139711.0,3139711.0,0.05222325953023071,0.05222325953023071,-1.076187924080898,-1.076187924080898,49090,49090,1.0,1.0,0,0,0.0,0.0,6.954613974332858,6.954613974332858,5.141720050030083,5.141720050030083,9.649209772926174,9.649209772926174,802.9741717505418,802.9741717505418,1.0,0.0,0.0,0.0,1.0,0.0,0.0,0.0
nld_Latn,nld,Latn,47786,47786,2212143445.0,2212143445.0,0.050836150202791586,0.050836150202791586,-1.2751393461984248,-1.2751393461984248,47786,47786,1.0,1.0,0,0,0.0,0.0,8.44818566107228,8.44818566107228,4.815140800238657,4.815140800238657,10.26680722675828,10.26680722675828,1232.0176651420227,1232.0176651420227,1.0,0.0,0.0,0.0,1.0,0.0,0.0,0.0
nno_Latn,nno,Latn,116915,116915,101948236.0,101948236.0,0.12437770403290187,0.12437770403290187,-1.2452842153521355,-1.2452842153521355,116915,116915,1.0,1.0,0,0,0.0,0.0,8.605046401231665,8.605046401231665,4.681264882307527,4.681264882307527,10.947085705619418,10.947085705619418,1974.2455260001698,1974.2455260001698,1.0,0.0,0.0,0.0,1.0,0.0,0.0,0.0
nob_Latn,nob,Latn,77896,77896,1064765114.0,1064765114.0,0.08286806421305276,0.08286806421305276,-1.3052341271365158,-1.3052341271365158,77846,77846,0.9993581185169971,0.9993581185169971,0,0,0.0,0.0,8.609736058334189,8.609736058334189,4.780364537750999,4.780364537750999,10.876951364547814,10.876951364547814,1880.5661825668717,1880.5661825668717,1.0,0.0,0.0,0.0,1.0,0.0,0.0,0.0
nor_Latn,nor,Latn,73282,73282,271235821.0,271235821.0,0.0779595857473423,0.0779595857473423,-1.2928639130011577,-1.2928639130011577,73282,73282,1.0,1.0,0,0,0.0,0.0,8.238025708905324,8.238025708905324,4.539722907764458,4.539722907764458,10.70098907752406,10.70098907752406,1664.6337500681504,1664.6337500681504,1.0,0.0,0.0,0.0,1.0,0.0,0.0,0.0
nso_Latn,nso,Latn,11677,11677,4343013.0,4343013.0,0.012422315686622649,0.012422315686622649,-1.2366979128138869,-1.2366979128138869,11677,11677,1.0,1.0,0,0,0.0,0.0,7.307099426222488,7.307099426222488,4.084080107519825,4.084080107519825,8.870575076933237,8.870575076933237,468.06824340176365,468.06824340176365,1.0,0.0,0.0,0.0,1.0,0.0,0.0,0.0
nya_Latn,nya,Latn,384099,384099,39594195.0,39594195.0,0.4086164577866263,0.4086164577866263,-1.28291384364726,-1.28291384364726,384067,384067,0.9999166881455042,0.9999166881455042,0,0,0.0,0.0,8.67411006016678,8.67411006016678,5.921907138154975,5.921907138154975,13.561922052761407,13.561922052761407,12093.31420513389,12093.31420513389,1.0,0.0,0.0,0.0,1.0,0.0,0.0,0.0
oci_Latn,oci,Latn,137110,137110,39288992.0,39288992.0,0.14586104978738101,0.14586104978738101,-1.2243746959256927,-1.2243746959256927,137104,137104,0.9999562395157173,0.9999562395157173,0,0,0.0,0.0,7.613791845963095,7.613791845963095,4.765683756915932,4.765683756915932,11.508845109435658,11.508845109435658,2914.121086067351,2914.121086067351,1.0,0.0,0.0,0.0,1.0,0.0,0.0,0.0
ori_Orya,ori,Orya,91169,91169,11799762.0,11799762.0,0.09698788722154389,0.09698788722154389,-1.3226139131776873,-1.3226139131776873,91169,91169,1.0,1.0,0,0,0.0,0.0,7.494762474086587,7.494762474086587,5.650120146491091,5.650120146491091,12.68092785694032,12.68092785694032,6566.586323100295,6566.586323100295,1.0,0.0,0.0,0.0,1.0,0.0,0.0,0.0
orm_Latn,orm,Latn,115175,115175,15164144.0,15164144.0,0.12252502351403528,0.12252502351403528,-1.2680291567446793,-1.2680291567446793,115175,115175,1.0,1.0,0,0,0.0,0.0,8.715658780117213,8.715658780117213,6.4353769655577,6.4353769655577,12.380400809792501,12.380400809792501,5331.777309464236,5331.777309464236,1.0,0.0,0.0,0.0,1.0,0.0,0.0,0.0
ory_Orya,ory,Orya,76492,76492,83740889.0,83740889.0,0.0813744271381859,0.0813744271381859,-1.356431657706721,-1.356431657706721,76492,76492,1.0,1.0,0,0,0.0,0.0,7.363332113162161,7.363332113162161,5.702071768070196,5.702071768070196,12.622860701219823,12.622860701219823,6307.535480646636,6307.535480646636,1.0,0.0,0.0,0.0,1.0,0.0,0.0,0.0
pam_Latn,pam,Latn,465119,465119,9181141.0,9181141.0,0.49479786878814636,0.49479786878814636,-1.116473472975432,-1.116473472975432,465022,465022,0.9997914512200103,0.9997914512200103,46388,46388,0.09973361655834313,0.09973361655834313,8.044859487571998,8.044859487571998,5.470290457362544,5.470290457362544,14.376685004498947,14.376685004498947,21272.24981438997,21272.24981438997,1.0,0.0,0.0,0.0,1.0,0.0,0.0,0.0
pan_Guru,pan,Guru,18941,18941,336630146.0,336630146.0,0.020149977599227244,0.020149977599227244,-1.2788548255563552,-1.2788548255563552,18941,18941,1.0,1.0,0,0,0.0,0.0,5.3549970962462385,5.3549970962462385,3.882955408277665,3.882955408277665,10.509828150620235,10.509828150620235,1458.053711089798,1458.053711089798,1.0,0.0,0.0,0.0,1.0,0.0,0.0,0.0
pap_Latn,pap,Latn,8812,8812,8900527.0,8900527.0,0.009374416067069917,0.009374416067069917,-1.175277617211277,-1.175277617211277,8812,8812,1.0,1.0,0,0,0.0,0.0,7.012142532909668,7.012142532909668,4.0684010059179645,4.0684010059179645,9.00941190076649,9.00941190076649,515.3511214217382,515.3511214217382,1.0,0.0,0.0,0.0,1.0,0.0,0.0,0.0
pcm_Latn,pcm,Latn,4477,4477,8307460.0,8307460.0,0.004762764883291318,0.004762764883291318,-1.3646589882799591,-1.3646589882799591,4477,4477,1.0,1.0,0,0,0.0,0.0,6.136251954433773,6.136251954433773,4.581899160513562,4.581899160513562,9.031767730727564,9.031767730727564,523.3991353073081,523.3991353073081,1.0,0.0,0.0,0.0,1.0,0.0,0.0,0.0
pes_Arab,pes,Arab,32841,32841,756486902.0,756486902.0,0.03493720464326727,0.03493720464326727,-1.329756520709035,-1.329756520709035,32841,32841,1.0,1.0,0,0,0.0,0.0,5.6877378886148415,5.6877378886148415,3.91077172278655,3.91077172278655,10.930933931072483,10.930933931072483,1952.2660137226142,1952.2660137226142,1.0,0.0,0.0,0.0,1.0,0.0,0.0,0.0
plt_Latn,plt,Latn,14585,14585,4411898.0,4411898.0,0.015515919713409761,0.015515919713409761,-1.1995985072713538,-1.1995985072713538,14585,14585,1.0,1.0,0,0,0.0,0.0,8.297840246828933,8.297840246828933,5.8237921638260906,5.8237921638260906,7.901135635590374,7.901135635590374,239.04453871629954,239.04453871629954,1.0,0.0,0.0,0.0,1.0,0.0,0.0,0.0
pms_Latn,pms,Latn,26657,26657,5463545.0,5463545.0,0.028358524877899367,0.028358524877899367,-1.2042076758201732,-1.2042076758201732,26657,26657,1.0,1.0,0,0,0.0,0.0,7.0258468694901905,7.0258468694901905,4.330999744671271,4.330999744671271,8.913765886322695,8.913765886322695,482.29294168812555,482.29294168812555,1.0,0.0,0.0,0.0,1.0,0.0,0.0,0.0
pnb_Arab,pnb,Arab,35574,35574,33941423.0,33941423.0,0.037844685682298894,0.037844685682298894,-1.341580210646777,-1.341580210646777,35574,35574,1.0,1.0,0,0,0.0,0.0,5.11871029403497,5.11871029403497,3.7341902253184847,3.7341902253184847,10.858335322565171,10.858335322565171,1856.4558915568991,1856.4558915568991,1.0,0.0,0.0,0.0,1.0,0.0,0.0,0.0
pol_Latn,pol,Latn,118787,118787,763722362.0,763722362.0,0.12636920674335822,0.12636920674335822,-1.2258072971734806,-1.2258072971734806,118787,118787,1.0,1.0,0,0,0.0,0.0,8.487157685605327,8.487157685605327,5.744675159845588,5.744675159845588,12.568043174350255,12.568043174350255,6072.366592163817,6072.366592163817,1.0,0.0,0.0,0.0,1.0,0.0,0.0,0.0
por_Latn,por,Latn,23005,23005,2180998593.0,2180998593.0,0.02447339826714718,0.02447339826714718,-1.204448893816123,-1.204448893816123,23005,23005,1.0,1.0,0,0,0.0,0.0,7.748228645946534,7.748228645946534,4.8127904890399895,4.8127904890399895,10.355481933531392,10.355481933531392,1310.118808463966,1310.118808463966,1.0,0.0,0.0,0.0,1.0,0.0,0.0,0.0
pus_Arab,pus,Arab,43717,43717,18190674.0,18190674.0,0.04650745279510163,0.04650745279510163,-1.3005891298476335,-1.3005891298476335,43717,43717,1.0,1.0,0,0,0.0,0.0,5.397122400896676,5.397122400896676,3.5416871854225964,3.5416871854225964,10.65844723976083,10.65844723976083,1616.264099096872,1616.264099096872,1.0,0.0,0.0,0.0,1.0,0.0,0.0,0.0
roh_Latn,roh,Latn,25279,25279,10770305.0,10770305.0,0.026892543607444343,0.026892543607444343,-1.2041597286130423,-1.2041597286130423,25279,25279,1.0,1.0,0,0,0.0,0.0,7.8000712053483126,7.8000712053483126,4.876329871809573,4.876329871809573,10.431872097131608,10.431872097131608,1381.3585246869839,1381.3585246869839,1.0,0.0,0.0,0.0,1.0,0.0,0.0,0.0
ron_Latn,ron,Latn,44259,44259,753681691.0,753681691.0,0.04708400243160991,0.04708400243160991,-1.1932578257224433,-1.1932578257224433,44259,44259,1.0,1.0,0,0,0.0,0.0,7.786529293477033,7.786529293477033,4.883971209538113,4.883971209538113,11.059630606233146,11.059630606233146,2134.4233014225315,2134.4233014225315,1.0,0.0,0.0,0.0,1.0,0.0,0.0,0.0
rus_Cyrl,rus,Cyrl,133555,133555,4584050909.0,4584070336.0,0.14207976032957806,0.14207915815589836,-1.2397905837793242,-1.2397873073098633,133553,133548,0.9999850248961102,0.9999475871363858,0,0,0.0,0.0,8.71463442027629,8.714574519860731,5.940423647681614,5.94039847254211,12.770505351433954,12.77049950289316,6987.232112831647,6987.2037873518575,1.0,0.0,0.0,0.0,1.0,0.0,0.0,0.0
sah_Cyrl,sah,Cyrl,152966,152966,13986704.0,13986704.0,0.1627309215033121,0.1627309215033121,-1.2520774886196078,-1.2520774886196078,152966,152966,1.0,1.0,0,0,0.0,0.0,9.324326974621812,9.324326974621812,7.005904250207911,7.005904250207911,13.506793653968717,13.506793653968717,11639.921062070593,11639.921062070593,1.0,0.0,0.0,0.0,1.0,0.0,0.0,0.0
scn_Latn,scn,Latn,116061,116061,5572845.0,5572845.0,0.123469216844003,0.123469216844003,-1.1297926431087417,-1.1297926431087417,116061,116061,1.0,1.0,0,0,0.0,0.0,7.948389209122789,7.948389209122789,4.802119563705792,4.802119563705792,11.917409329969118,11.917409329969118,3868.0998733344195,3868.0998733344195,1.0,0.0,0.0,0.0,1.0,0.0,0.0,0.0
sco_Latn,sco,Latn,106884,106884,11657065.0,11657065.0,0.11370699977855502,0.11370699977855502,-1.2457606176895002,-1.2457606176895002,106884,106884,1.0,1.0,0,0,0.0,0.0,6.912391003330714,6.912391003330714,4.610983296395791,4.610983296395791,11.50985998826153,11.50985998826153,2916.171776047799,2916.171776047799,1.0,0.0,0.0,0.0,1.0,0.0,0.0,0.0
sin_Sinh,sin,Sinh,112453,112453,102173575.0,102173575.0,0.11963092042429824,0.11963092042429824,-1.3426156800600255,-1.3426156800600255,112449,112449,0.9999644295839151,0.9999644295839151,0,0,0.0,0.0,7.0401589997599,7.0401589997599,4.977714306267545,4.977714306267545,12.918905708656304,12.918905708656304,7744.22797834046,7744.22797834046,1.0,0.0,0.0,0.0,1.0,0.0,0.0,0.0
slk_Latn,slk,Latn,109848,109848,290049788.0,290049788.0,0.11685956253349768,0.11685956253349768,-1.2424572134446086,-1.2424572134446086,109848,109848,1.0,1.0,0,0,0.0,0.0,8.004515330274561,8.004515330274561,5.369204738050007,5.369204738050007,12.436058001273443,12.436058001273443,5541.489136714099,5541.489136714099,1.0,0.0,0.0,0.0,1.0,0.0,0.0,0.0
slv_Latn,slv,Latn,81280,81280,291828464.0,291828464.0,0.08646804178036942,0.08646804178036942,-1.2118313830267324,-1.2118313830267324,81280,81280,1.0,1.0,0,0,0.0,0.0,7.767999507874015,7.767999507874015,4.976393711204264,4.976393711204264,11.82786689253963,11.82786689253963,3635.320616175323,3635.320616175323,1.0,0.0,0.0,0.0,1.0,0.0,0.0,0.0
sme_Latn,sme,Latn,115169,115169,2764460.0,2764460.0,0.12252165786956831,0.12252165786956831,-1.1138310526753938,-1.1138310526753938,115169,115169,1.0,1.0,0,0,0.0,0.0,10.482577777005964,10.482577777005964,6.6578666357986735,6.6578666357986735,12.551962314739201,12.551962314739201,6005.057374698772,6005.057374698772,1.0,0.0,0.0,0.0,1.0,0.0,0.0,0.0
smo_Latn,smo,Latn,35057,35057,36281636.0,36281636.0,0.037294656411161115,0.037294656411161115,-1.274450019166173,-1.274450019166173,35057,35057,1.0,1.0,0,0,0.0,0.0,6.636477736258094,6.636477736258094,3.8274193589285774,3.8274193589285774,9.425416279184972,9.425416279184972,687.5954934927425,687.5954934927425,1.0,0.0,0.0,0.0,1.0,0.0,0.0,0.0
sna_Latn,sna,Latn,634673,634673,57964944.0,57964944.0,0.6751714685720606,0.6751714685720606,-1.2639885167126013,-1.2639885167126013,634629,634629,0.9999306729607215,0.9999306729607215,0,0,0.0,0.0,9.746701057079788,9.746701057079788,6.455570491019538,6.455570491019538,14.388337834263822,14.388337834263822,21444.764230955345,21444.764230955345,1.0,0.0,0.0,0.0,1.0,0.0,0.0,0.0
snd_Arab,snd,Arab,23432,23432,6950430.0,6950430.0,0.02492762491446264,0.02492762491446264,-1.2876294158011476,-1.2876294158011476,23432,23432,1.0,1.0,0,0,0.0,0.0,4.958048822123592,4.958048822123592,3.643388538550852,3.643388538550852,10.851544995414852,10.851544995414852,1847.7386486159157,1847.7386486159157,1.0,0.0,0.0,0.0,1.0,0.0,0.0,0.0
som_Latn,som,Latn,305976,305976,109252079.0,109252079.0,0.32550737577684324,0.32550737577684324,-1.3017965449278617,-1.3017965449278617,305967,305967,0.9999705859283081,0.9999705859283081,0,0,0.0,0.0,9.873156718173975,9.873156718173975,5.684163026316415,5.684163026316415,12.267260298122427,12.267260298122427,4929.618540241292,4929.618540241292,1.0,0.0,0.0,0.0,1.0,0.0,0.0,0.0
sot_Latn,sot,Latn,31633,31633,39009499.0,39009499.0,0.0336520889596722,0.0336520889596722,-1.263832281340308,-1.263832281340308,31633,31633,1.0,1.0,0,0,0.0,0.0,7.158378908102298,7.158378908102298,4.168773251868731,4.168773251868731,9.91956357301231,9.91956357301231,968.4700158703189,968.4700158703189,1.0,0.0,0.0,0.0,1.0,0.0,0.0,0.0
spa_Latn,spa,Latn,22685,22685,4491584733.0,4491584733.0,0.024132972125346822,0.024132972125346822,-1.1825022297731838,-1.1825022297731838,22685,22685,1.0,1.0,0,0,0.0,0.0,7.861053559620895,7.861053559620895,4.740173583184187,4.740173583184187,9.887565930265055,9.887565930265055,947.2266953460323,947.2266953460323,1.0,0.0,0.0,0.0,1.0,0.0,0.0,0.0
sqi_Latn,sqi,Latn,42951,42951,264377424.0,264377424.0,0.04569250117981186,0.04569250117981186,-1.2003512512468748,-1.2003512512468748,42951,42951,1.0,1.0,0,0,0.0,0.0,7.518451258410747,7.518451258410747,4.584810600166828,4.584810600166828,10.435386301356141,10.435386301356141,1384.727423117122,1384.727423117122,1.0,0.0,0.0,0.0,1.0,0.0,0.0,0.0
srd_Latn,srd,Latn,70932,70932,3827262.0,3827262.0,0.07545987743147432,0.07545987743147432,-1.114695263662182,-1.114695263662182,70932,70932,1.0,1.0,0,0,0.0,0.0,7.976371736310833,7.976371736310833,4.735876456850876,4.735876456850876,10.732745044940206,10.732745044940206,1701.6811745231387,1701.6811745231387,1.0,0.0,0.0,0.0,1.0,0.0,0.0,0.0
sun_Latn,sun,Latn,174133,174133,56132718.0,56132718.0,0.18524826333229485,0.18524826333229485,-1.3472034447788555,-1.3472034447788555,174113,174113,0.9998851452625293,0.9998851452625293,0,0,0.0,0.0,7.523364324969994,7.523364324969994,5.596632983280802,5.596632983280802,13.133781050697124,13.133781050697124,8987.979076653577,8987.979076653577,1.0,0.0,0.0,0.0,1.0,0.0,0.0,0.0
swa_Latn,swa,Latn,41114,41114,107510540.0,107510540.0,0.043738282238229544,0.043738282238229544,-1.3459179102466334,-1.3459179102466334,41114,41114,1.0,1.0,0,0,0.0,0.0,7.812010507369752,7.812010507369752,5.153344509291833,5.153344509291833,10.519286231350344,10.519286231350344,1467.6438823105184,1467.6438823105184,1.0,0.0,0.0,0.0,1.0,0.0,0.0,0.0
swe_Latn,swe,Latn,84450,84450,1613460301.0,1613460301.0,0.08984040135146573,0.08984040135146573,-1.2837026742502615,-1.2837026742502615,84450,84450,1.0,1.0,0,0,0.0,0.0,8.647282415630551,8.647282415630551,4.828511239583328,4.828511239583328,10.870116251405255,10.870116251405255,1871.6776225294377,1871.6776225294377,1.0,0.0,0.0,0.0,1.0,0.0,0.0,0.0
swh_Latn,swh,Latn,25480,25480,27905186.0,27905186.0,0.027106357487213732,0.027106357487213732,-1.3197297153762293,-1.3197297153762293,25480,25480,1.0,1.0,0,0,0.0,0.0,8.05408163265306,8.05408163265306,5.3017085426343336,5.3017085426343336,10.2650891956002,10.2650891956002,1230.5513920388128,1230.5513920388128,1.0,0.0,0.0,0.0,1.0,0.0,0.0,0.0
tam_Taml,tam,Taml,831230,831230,108473417.0,108473417.0,0.8842987760246285,0.8842987760246285,-1.2918752235523392,-1.2918752235523392,831109,831109,0.9998544325878518,0.9998544325878518,0,0,0.0,0.0,10.826264692082818,10.826264692082818,7.661436137851175,7.661436137851175,14.74002112651681,14.74002112651681,27364.561661667754,27364.561661667754,1.0,0.0,0.0,0.0,1.0,0.0,0.0,0.0
tat_Cyrl,tat,Cyrl,92866,92866,298422807.0,298422807.0,0.09879360525011938,0.09879360525011938,-1.3197434925449782,-1.3197434925449782,92866,92866,1.0,1.0,0,0,0.0,0.0,8.456841039777744,8.456841039777744,6.2012325385036675,6.2012325385036675,12.936429966787001,12.936429966787001,7838.869903474612,7838.869903474612,1.0,0.0,0.0,0.0,1.0,0.0,0.0,0.0
tel_Telu,tel,Telu,446905,446905,28601531.0,28601531.0,0.4754379664446337,0.4754379664446337,-1.2705722984879304,-1.2705722984879304,446905,446905,1.0,1.0,0,0,0.0,0.0,9.267889148700506,9.267889148700506,6.697697791072793,6.697697791072793,14.333292350147676,14.333292350147676,20641.960089153003,20641.960089153003,1.0,0.0,0.0,0.0,1.0,0.0,0.0,0.0
tgk_Cyrl,tgk,Cyrl,220085,220085,362561788.0,362561788.0,0.23413302828993124,0.23413302828993124,-1.3338840002128958,-1.3338840002128958,220085,220085,1.0,1.0,0,0,0.0,0.0,8.350119272099416,8.350119272099416,6.01945077841463,6.01945077841463,13.372288956972723,13.372288956972723,10603.764813837088,10603.764813837088,1.0,0.0,0.0,0.0,1.0,0.0,0.0,0.0
tgl_Latn,tgl,Latn,36451,36451,148346513.0,148346513.0,0.03877761522772713,0.03877761522772713,-1.2376146607159475,-1.2376146607159475,36451,36451,1.0,1.0,0,0,0.0,0.0,7.56766618199775,7.56766618199775,4.760962173745196,4.760962173745196,10.138582725144767,10.138582725144767,1127.2429135726666,1127.2429135726666,1.0,0.0,0.0,0.0,1.0,0.0,0.0,0.0
tha_Thai,tha,Thai,12548,12548,243687383.0,243687383.0,0.013348933457822988,0.013348933457822988,-1.210286787058194,-1.210286787058194,12548,12548,1.0,1.0,0,0,0.0,0.0,6.124083519285942,6.124083519285942,4.334470344736723,4.334470344736723,10.772799264189722,10.772799264189722,1749.587695716728,1749.587695716728,1.0,0.0,0.0,0.0,1.0,0.0,0.0,0.0
tir_Ethi,tir,Ethi,126571,126571,6224994.0,6224994.0,0.13465073370318278,0.13465073370318278,-1.170616822601224,-1.170616822601224,126571,126571,1.0,1.0,0,0,0.0,0.0,4.98313989776489,4.98313989776489,3.7869000355662994,3.7869000355662994,12.447561755383902,12.447561755383902,5585.852470577196,5585.852470577196,1.0,0.0,0.0,0.0,1.0,0.0,0.0,0.0
tsn_Latn,tsn,Latn,23362,23362,7834774.0,7834774.0,0.024853139694354928,0.024853139694354928,-1.2149032851724182,-1.2149032851724182,23362,23362,1.0,1.0,0,0,0.0,0.0,7.391661672801986,7.391661672801986,4.086099867079765,4.086099867079765,9.400975802027322,9.400975802027322,676.0451553637862,676.0451553637862,1.0,0.0,0.0,0.0,1.0,0.0,0.0,0.0
tso_Latn,tso,Latn,13721,13721,2753795.0,2753795.0,0.014596784425944233,0.014596784425944233,-1.2500195902335838,-1.2500195902335838,13721,13721,1.0,1.0,0,0,0.0,0.0,7.640915385176007,7.640915385176007,4.660291706535889,4.660291706535889,9.518721001676383,9.518721001676383,733.534495310485,733.534495310485,1.0,0.0,0.0,0.0,1.0,0.0,0.0,0.0
tuk_Latn,tuk,Latn,64804,64804,10175459.0,10175459.0,0.06894044687418022,0.06894044687418022,-1.2993540614861867,-1.2993540614861867,64804,64804,1.0,1.0,0,0,0.0,0.0,8.973952225171285,8.973952225171285,7.002779530633458,7.002779530633458,12.583055492277632,12.583055492277632,6135.883995442088,6135.883995442088,1.0,0.0,0.0,0.0,1.0,0.0,0.0,0.0
tur_Latn,tur,Latn,155131,155131,1510230359.0,1510230359.0,0.16503297486093285,0.16503297486093285,-1.2856777399882184,-1.2856777399882184,155131,155131,1.0,1.0,0,0,0.0,0.0,8.954825276701627,8.954825276701627,6.349690593791063,6.349690593791063,13.310124672261498,13.310124672261498,10156.563131838446,10156.563131838446,1.0,0.0,0.0,0.0,1.0,0.0,0.0,0.0
uig_Arab,uig,Arab,228941,228941,6446662.0,6446662.0,0.24355482119485977,0.24355482119485977,-1.223102987528248,-1.223102987528248,228940,228940,0.999995632062409,0.999995632062409,0,0,0.0,0.0,8.849157643235593,8.849157643235593,6.786926319388235,6.786926319388235,14.445740901778665,14.445740901778665,22315.22761648146,22315.22761648146,1.0,0.0,0.0,0.0,1.0,0.0,0.0,0.0
ukr_Cyrl,ukr,Cyrl,131368,131368,2904328925.0,2904328925.0,0.1397531617546453,0.1397531617546453,-1.2646146054263159,-1.2646146054263159,131368,131368,1.0,1.0,0,0,0.0,0.0,8.704029900736861,8.704029900736861,5.917283354536022,5.917283354536022,12.83730303593535,12.83730303593535,7318.351709870744,7318.351709870744,1.0,0.0,0.0,0.0,1.0,0.0,0.0,0.0
urd_Arab,urd,Arab,15270,15270,352474620.0,352474620.0,0.016244668339212814,0.016244668339212814,-1.3071429803251082,-1.3071429803251082,15270,15270,1.0,1.0,0,0,0.0,0.0,4.889980353634577,4.889980353634577,3.555995949438856,3.555995949438856,10.236161433868885,10.236161433868885,1206.1230910700262,1206.1230910700262,1.0,0.0,0.0,0.0,1.0,0.0,0.0,0.0
uzb_Latn,uzb,Latn,178064,178064,73864799.0,73864799.0,0.18942958490705003,0.18942958490705003,-1.3213519039163975,-1.3213519039163975,178064,178064,1.0,1.0,0,0,0.0,0.0,9.258710351334352,9.258710351334352,7.045466650494777,7.045466650494777,13.372763332280643,13.372763332280643,10607.252031257043,10607.252031257043,1.0,0.0,0.0,0.0,1.0,0.0,0.0,0.0
uzn_Cyrl,uzn,Cyrl,120481,120481,111942906.0,111942906.0,0.1281713832234109,0.1281713832234109,-1.3144568541008377,-1.3144568541008377,120481,120481,1.0,1.0,0,0,0.0,0.0,8.857944406171928,8.857944406171928,6.527725839098728,6.527725839098728,13.199886061723088,13.199886061723088,9409.393778551,9409.393778551,1.0,0.0,0.0,0.0,1.0,0.0,0.0,0.0
vec_Latn,vec,Latn,88411,88411,11319061.0,11319061.0,0.09405465835341273,0.09405465835341273,-1.191547451448672,-1.191547451448672,88411,88411,1.0,1.0,0,0,0.0,0.0,7.572112067502912,7.572112067502912,4.599120898809539,4.599120898809539,11.241538855710614,11.241538855710614,2421.254233001663,2421.254233001663,1.0,0.0,0.0,0.0,1.0,0.0,0.0,0.0
vie_Latn,vie,Latn,2367,2367,1999645863.0,1999645863.0,0.0025180460043430597,0.0025180460043430597,-1.252486047994686,-1.252486047994686,2367,2367,1.0,1.0,0,0,0.0,0.0,3.4980988593155895,3.4980988593155895,3.3761014567207894,3.3761014567207894,9.717805741079088,9.717805741079088,842.0754772448863,842.0754772448863,1.0,0.0,0.0,0.0,1.0,0.0,0.0,0.0
vol_Latn,vol,Latn,3776,3776,8306915.0,8306915.0,0.004017020729597189,0.004017020729597189,-1.4809396145822138,-1.4809396145822138,3776,3776,1.0,1.0,0,0,0.0,0.0,6.362023305084746,6.362023305084746,5.127076778804165,5.127076778804165,7.29312832841104,7.29312832841104,156.83767264903602,156.83767264903602,1.0,0.0,0.0,0.0,1.0,0.0,0.0,0.0
war_Latn,war,Latn,45508,45508,66225199.0,66225199.0,0.048412788515750364,0.048412788515750364,-1.0231982362178094,-1.0231982362178094,45508,45508,1.0,1.0,0,0,0.0,0.0,8.67164015118221,8.67164015118221,5.513806549679073,5.513806549679073,7.553271948579466,7.553271948579466,187.82847045677264,187.82847045677264,1.0,0.0,0.0,0.0,1.0,0.0,0.0,0.0
wln_Latn,wln,Latn,55265,55265,20026101.0,20026101.0,0.05879255400458068,0.05879255400458068,-1.090137843179196,-1.090137843179196,55265,55265,1.0,1.0,0,0,0.0,0.0,8.071401429476161,8.071401429476161,5.174659011257359,5.174659011257359,8.211367321541243,8.211367321541243,296.39294992721454,296.39294992721454,1.0,0.0,0.0,0.0,1.0,0.0,0.0,0.0
wuu_Hani,wuu,Hani,99874,99874,4610282.0,4610282.0,0.1062487373494929,0.1062487373494929,-1.1668701492338796,-1.1668701492338796,99874,99874,1.0,1.0,0,0,0.0,0.0,2.6355407813845444,2.6355407813845444,1.8669684414098746,1.8669684414098746,12.835998717816683,12.835998717816683,7311.7382920566415,7311.7382920566415,1.0,0.0,0.0,0.0,1.0,0.0,0.0,0.0
xho_Latn,xho,Latn,527288,527288,27061933.0,27061933.0,0.5609573000013384,0.5609573000013384,-1.2163410004210076,-1.2163410004210076,527238,527238,0.9999051751604436,0.9999051751604436,0,0,0.0,0.0,9.46432120586852,9.46432120586852,6.610533401291031,6.610533401291031,14.444460302070036,14.444460302070036,22295.428425467795,22295.428425467795,1.0,0.0,0.0,0.0,1.0,0.0,0.0,0.0
yid_Hebr,yid,Hebr,55097,55097,7923655.0,7923655.0,0.058613926063734015,0.058613926063734015,-1.2258175160135925,-1.2258175160135925,55097,55097,1.0,1.0,0,0,0.0,0.0,7.745231137811496,7.745231137811496,4.969338771059568,4.969338771059568,10.965213015977014,10.965213015977014,1999.2082102173424,1999.2082102173424,1.0,0.0,0.0,0.0,1.0,0.0,0.0,0.0
yor_Latn,yor,Latn,50991,50991,38311197.0,38311197.0,0.054245737121048944,0.054245737121048944,-1.3087926928422788,-1.3087926928422788,50989,50989,0.9999607773920888,0.9999607773920888,0,0,0.0,0.0,6.093055637269322,6.093055637269322,3.7901690725037906,3.7901690725037906,10.698175038569737,10.698175038569737,1661.389974671518,1661.389974671518,1.0,0.0,0.0,0.0,1.0,0.0,0.0,0.0
yue_Hani,yue,Hani,110386,110386,12065020.0,12065020.0,0.11743229205111617,0.11743229205111617,-1.2644063762885864,-1.2644063762885864,110386,110386,1.0,1.0,0,0,0.0,0.0,2.5376859384342216,2.5376859384342216,1.5609902014252774,1.5609902014252774,12.015970156103439,12.015970156103439,4141.593248401707,4141.593248401707,1.0,0.0,0.0,0.0,1.0,0.0,0.0,0.0
zsm_Latn,zsm,Latn,23565,23565,12136892.0,12136892.0,0.025069120853421622,0.025069120853421622,-1.2960955917587884,-1.2960955917587884,23565,23565,1.0,1.0,0,0,0.0,0.0,7.230129429238277,7.230129429238277,5.8539080680622355,5.8539080680622355,11.167309389790388,11.167309389790388,2299.8266234650955,2299.8266234650955,1.0,0.0,0.0,0.0,1.0,0.0,0.0,0.0
zul_Latn,zul,Latn,2001153,2001147,86335128.0,86335146.0,2.1282932480452534,2.1282864209340033,-1.21280424672771,-1.2128054643813457,2000888,2000872,0.9998675763422387,0.9998625788110519,0,0,0.0,0.0,12.91320103960067,12.91319728135914,7.428126926504354,7.428125377815427,15.41960707834202,15.419604692888836,43829.27147615877,43829.199005826646,1.0,0.0,0.0,0.0,1.0,0.0,0.0,0.0
