lang,script,script_type,segmentor,language_name,family,genus,typology,dominant_script_pct,original_token_count,original_type_count,current_token_count,current_type_count,last_type_frequency,type_token_ratio,corpus_zipf_slope,compress_ratio,compress_reduction_pct,token_frequency_entropy,token_frequency_perplexity,avg_type_length,avg_token_length,hapax_type_ratio,single_token_type_ratio,word_count,word_total_frequency,word_ttr,word_entropy,word_perplexity,word_zipf_slope,morph_zipf_slope,word_hapax_ratio,morph_hapax_ratio,word_avg_length,word_avg_length_weighted,morph_count,morph_total_frequency,morph_ttr,morph_entropy,morph_perplexity,morph_type_entropy,morph_type_perplexity,morph_avg_length,morph_avg_length_weighted,avg_morphs_per_word,avg_roots_per_word,avg_affixes_per_word,avg_prefixes_per_word,avg_suffixes_per_word,compounding_index,affix_deviation,avg_morphs_per_word_weighted,avg_roots_per_word_weighted,avg_affixes_per_word_weighted,avg_prefixes_per_word_weighted,avg_suffixes_per_word_weighted,compounding_index_weighted,affix_deviation_weighted,root_entropy,affix_entropy,prefix_entropy,suffix_entropy,root_type_entropy,affix_type_entropy,prefix_type_entropy,suffix_type_entropy,root_count,affix_count,prefix_count,suffix_count
abk,Cyrl,alphabet,,Abkhaz,Northwest Caucasian,Northwest Caucasian,Polysynthetic,97.23,3547931,663174,3335056.0,400052,1,0.4255614187615734,-1.037019029841407,0.744945,25.51,14.79689074561547,28464.78822095233,9.315221521202243,6.678161925916687,0.9999975003249576,0.4758881345425095,,,,,,,,,,,,,,,,,,,,,,,,,,,,,,,,,,,,,,,,,,,,,,
afr,Latn,alphabet,,Afrikaans,Indo-European,Germanic,Isolating,99.92,409850019,4105641,385259444.0,26955,524,0.0286754983584587,-1.260127045597578,0.777402,22.26,9.762890901872296,868.8063888028934,7.777295492487479,4.388864746427864,1.0,0.0,,,,,,,,,,,,,,,,,,,,,,,,,,,,,,,,,,,,,,,,,,,,,,
als,Latn,alphabet,,Tosk Albanian,Indo-European,Albanian,Fusional,99.86,99291068,2631913,93333634.0,89141,41,0.0948311288988881,-1.2584972253944011,0.779541,22.05,11.257852897120111,2448.789242852256,7.5730584130759135,4.665284938974946,1.0,0.0,,,,,,,,,,,,,,,,,,,,,,,,,,,,,,,,,,,,,,,,,,,,,,
amh,Ethi,ethiopic,,Amharic,Afro-Asiatic,Semitic,Introflexive,97.89,99815231,5591614,93826320.0,833549,4,0.8868466175606419,-1.2710452753742083,0.803494,19.65,14.796067854585646,28448.55697365446,5.39544405907751,4.027528405675508,0.9999940015523984,0.0,,,,,,,,,,,,,,,,,,,,,,,,,,,,,,,,,,,,,,,,,,,,,,
ara,Arab,abjad,,Arabic,Afro-Asiatic,Semitic,Introflexive,95.56,867255773,10779260,815220430.0,167478,200,0.1781679086443371,-1.3087811031185357,0.823563,17.64,13.211496286657482,9485.422278808415,6.085414203656599,4.709469511209379,1.0,0.0,,,,,,,,,,,,,,,,,,,,,,,,,,,,,,,,,,,,,,,,,,,,,,
arg,Latn,alphabet,,Aragonese,Indo-European,Romance,Fusional,99.58,12301588,494326,11563496.0,59520,9,0.0633191661131936,-1.1747573199152812,0.755197,24.48,10.629617410463483,1584.286359414232,7.595396505376344,4.780329063113785,1.0,0.0,,,,,,,,,,,,,,,,,,,,,,,,,,,,,,,,,,,,,,,,,,,,,,
arz,Arab,abjad,,Arabic (Egyptian),Afro-Asiatic,Semitic,Introflexive,81.06,45335001,1711037,42614904.0,218272,7,0.2322020207452285,-1.192277382689376,0.81033,18.97,11.325128578162,2565.685423209816,6.273507366954992,4.383590515656213,0.9999954185603284,0.0,,,,,,,,,,,,,,,,,,,,,,,,,,,,,,,,,,,,,,,,,,,,,,
asm,Beng,abugida,,Assamese,Indo-European,Indic,Fusional,92.21,46572832,1626990,43778474.0,141288,12,0.1503059667590327,-1.340212075487167,0.712236,28.78,13.080079888258547,8659.571292884568,7.264537681897967,5.373740802386123,1.0,0.0,,,,,,,,,,,,,,,,,,,,,,,,,,,,,,,,,,,,,,,,,,,,,,
ast,Latn,alphabet,,Asturian,Indo-European,Romance,Fusional,99.34,162513226,2927509,152762499.0,74376,84,0.0791234191540884,-1.2434700707699191,0.76173,23.83,11.038980654908766,2104.089933926615,7.842287834785415,4.995260230719321,0.9999865548026244,0.0,,,,,,,,,,,,,,,,,,,,,,,,,,,,,,,,,,,,,,,,,,,,,,
aze,Latn,alphabet,,Azerbaijani,Altaic,Turkic,Agglutinative,86.94,494773437,13245703,465087062.0,270547,55,0.287817024819343,-1.3626377344401377,0.735928,26.41,13.542198595969586,11929.10838854618,8.830750294773182,6.460644970596925,0.999996303784555,0.0,,,,,,,,,,,,,,,,,,,,,,,,,,,,,,,,,,,,,,,,,,,,,,
azj,Latn,alphabet,,North Azerbaijani,Altaic,Turkic,Agglutinative,99.02,18912444,1003045,17777700.0,111837,7,0.1189746723861975,-1.294909464331515,0.72065,27.93,12.983726470582324,8100.113851039733,8.812763217897476,6.365096159795699,1.0,0.0,,,,,,,,,,,,,,,,,,,,,,,,,,,,,,,,,,,,,,,,,,,,,,
bak,Cyrl,alphabet,,Bashkir,Altaic,Turkic,Agglutinative,74.08,46265335,1900113,43489415.0,182969,10,0.194647690531314,-1.288881655535044,0.72107,27.89,13.471684054301944,11360.069607007214,8.492985150489973,6.316547118419505,1.0,0.0,,,,,,,,,,,,,,,,,,,,,,,,,,,,,,,,,,,,,,,,,,,,,,
bar,Latn,alphabet,,German (Upper Austrian),Indo-European,Germanic,Fusional,99.76,8818632,728260,8289517.0,194759,3,0.207188293916757,-1.0505819116919768,0.811099,18.89,12.034346380193668,4194.683895217438,9.03608048922001,4.980145525969728,1.0,0.0,,,,,,,,,,,,,,,,,,,,,,,,,,,,,,,,,,,,,,,,,,,,,,
bel,Cyrl,alphabet,Slounik,Belorussian,Indo-European,Slavic,Fusional,94.85,131123017,3916397,123255639.0,172320,32,0.1833191709735093,-1.2624997102174254,0.731475,26.85,12.91893972557822,7744.410579581002,8.49678505106778,5.800022755956829,1.0,0.0,172319.0,966663.4110002464,0.1782616348556054,13.146361861637,9066.700171674993,-1.2621617127593387,-1.7342563814085818,1.0,0.6440012088244182,8.496828556340276,5.965569223348342,49635.0,2365191.567001608,0.0209856151579819,8.901329973691967,478.15348271516166,10.120817911832583,1113.4475708062466,6.060562103354488,2.4381392304347136,3.0321612822729938,1.873989519437787,1.1581717628352068,0.2764523935259605,0.5461556763908797,0.6619971343796087,0.2917917067738708,2.446758137408552,1.713765678051249,0.7329924593576858,0.1833034776982225,0.3485187637870898,0.7632116948328105,0.251379923453261,8.608030365795203,7.1064118141157655,5.08205619314823,6.136178467620341,10.298782733573413,7.534565089615876,5.521505937690036,6.690371238816711,49265.0,1558.0,621.0,928.0
ben,Beng,abugida,kcis,Bengali,Indo-European,Indic,Fusional,97.78,66691412,1851983,62689932.0,107493,21,0.1143528374656376,-1.3448726274655427,0.721122,27.89,12.709906996343175,6699.821744284089,7.37206143655866,5.257527715933716,1.0,0.0,107492.0,986875.9900001142,0.1089214866803959,12.776762057247236,7017.600269775069,-1.3444790474046302,-1.4411059611938404,1.0,0.840951815573365,7.372120715960257,5.314159735509822,80856.0,1785735.1250001278,0.045278831596032,9.70865772227828,836.7528341835637,12.453379996190383,5608.425125430358,6.899525081626596,2.9368358798450696,1.725672608194098,1.2506977263424257,0.4749748818516727,0.0120660142150113,0.462490231831206,0.7670377020305352,0.0062893081761006,1.8094827953003472,1.274665252520704,0.5348175427796216,0.0483694633203047,0.4855942193911494,0.7371528476777763,-7.595391414348257e-05,10.574436606004117,5.087954439259993,3.4935092203623768,4.943078872894368,13.93614779969396,5.602736338113768,5.039630538364576,5.553754801358025,80778.0,359.0,90.0,351.0
bew,Cyrl,alphabet,,Melayu Betawi,other,Creoles and Pidgins,Isolating,94.33,3003510,380317,2823300.0,128793,2,0.137011775776796,-1.1364589788668151,0.7195,28.05,13.219493134428255,9538.145891524584,8.570978236394835,6.277478128431269,1.0,0.0,,,,,,,,,,,,,,,,,,,,,,,,,,,,,,,,,,,,,,,,,,,,,,
bos,Latn,alphabet,,Bosnian,Indo-European,Slavic,Fusional,99.71,175151853,3025295,164642746.0,105761,71,0.1125117551518187,-1.2158771842618874,0.784583,21.54,11.861758221595036,3721.731395111979,7.753718289350517,4.821169388173348,1.0,0.0,,,,,,,,,,,,,,,,,,,,,,,,,,,,,,,,,,,,,,,,,,,,,,
bpy,Beng,abugida,,Bishnupriya,Indo-European,Indic,Fusional,72.75,3588412,264358,3373109.0,79216,2,0.084272462441228,-1.102216314160284,0.669472,33.05,11.32390628906113,2563.512627739816,6.785447384366795,5.398030125916477,0.9997980206018986,0.0,,,,,,,,,,,,,,,,,,,,,,,,,,,,,,,,,,,,,,,,,,,,,,
bre,Latn,alphabet,,Breton,Indo-European,Celtic,Fusional,99.07,20704084,833230,19461848.0,69451,11,0.0738841235113539,-1.2247992493596265,0.774702,22.53,10.68829296827266,1650.0487896740538,7.304257678075189,4.372014363692492,1.0,0.0,,,,,,,,,,,,,,,,,,,,,,,,,,,,,,,,,,,,,,,,,,,,,,
bul,Cyrl,alphabet,,Bulgarian,Indo-European,Slavic,Fusional,93.06,510129338,5431604,479521625.0,63602,352,0.067661679669739,-1.212309433446375,0.748199,25.18,11.165064146763685,2296.2502240470617,8.034637275557373,4.977001427203622,1.0,0.0,,,,,,,,,,,,,,,,,,,,,,,,,,,,,,,,,,,,,,,,,,,,,,
cak,Latn,alphabet,,Cakchiquel,Mayan,Mayan,Fusional,99.62,3707725,91411,3485277.0,9630,16,0.010244634030907,-1.2361375480527717,0.686303,31.37,8.762825338264738,434.3834532970562,7.400934579439252,4.3523630976820495,1.0,0.0,,,,,,,,,,,,,,,,,,,,,,,,,,,,,,,,,,,,,,,,,,,,,,
cat,Latn,alphabet,Morphynet,Catalan,Indo-European,Romance,Fusional,99.72,519947538,4668800,488750791.0,37294,559,0.0396744575333889,-1.2280035269024134,0.753105,24.69,10.258511081800291,1224.9533407782783,7.730251514989006,4.570622444271399,1.0,0.0,37293.0,937512.8869999944,0.0397786531973295,10.582543065476004,1533.4262487574704,-1.2268934343926303,-1.3304513873283068,1.0,0.7998891736510355,7.730405169871021,4.741959223862942,28874.0,1290132.5249999848,0.022380646515365,8.896623365197714,476.5961097330547,12.045578718764824,4227.46975806117,7.180473782641824,3.4458768047879835,1.475209824900115,1.0105113560185557,0.4646984688815595,0.0512964899579009,0.4133215348724962,0.7734986011673253,0.0043668122270742,1.376122443637411,1.002715473072747,0.3734069705646664,0.0514445621695228,0.3219547658335335,0.8156824039653584,0.0030377594536871,10.148466446078462,2.6542787457937767,2.389068004609832,2.3608404042961126,14.62662192748447,3.6493203729075647,4.393257832077321,3.1006766603893263,28787.0,214.0,75.0,164.0
ceb,Latn,alphabet,,Cebuano,Austronesian,Greater Central Philippine,Agglutinative,99.24,574765695,5695355,540279795.0,61722,189,0.0656616922784037,-1.1716470349666708,0.656225,34.38,8.193998884184069,292.8461026456878,7.386345225365348,4.982718365398062,1.0,0.0,,,,,,,,,,,,,,,,,,,,,,,,,,,,,,,,,,,,,,,,,,,,,,
ces,Latn,alphabet,SlavickovaDict,Czech,Indo-European,Slavic,Fusional,99.91,1639474654,11195130,1541106312.0,119828,625,0.1274765973720391,-1.2322085986561573,0.755266,24.47,12.586675406199864,6151.299076408867,7.778999899856461,5.166298213824978,1.0,0.0,119827.0,969055.2199999988,0.1236534281297201,12.78314030618107,7048.694222124175,-1.231821483961195,-1.7221482124846408,1.0,0.61677113804151,7.779056473082027,5.299341343004175,35895.0,2237753.092000167,0.01604064368331,9.165359248097976,574.1799917473669,10.341054044027953,1297.0820642005456,5.093606351859591,2.294866562516906,2.951238034833552,1.422058467624158,1.5291795672093935,0.5655236298997721,0.8325335692289718,0.5383148048779308,0.2512971736117825,2.309211122148428,1.364841121231469,0.9443700009169856,0.3682803184322183,0.5168988563933424,0.6795113015632717,0.2350215041943439,9.507965857626637,6.9398828553532015,5.730115899216579,6.470567832415732,11.695474821659998,7.385668686539209,5.905146152213892,7.076963057791013,35657.0,1487.0,750.0,1001.0
che,Cyrl,alphabet,,Chechen,Nakh-Daghestanian,Nakh,Agglutinative,94.03,8976794,616746,8438188.0,107612,3,0.11448006882397,-1.1639295818096904,0.600547,39.95,10.58368167330207,1534.636941412141,7.723906255807902,6.750738784203433,1.0,0.0,,,,,,,,,,,,,,,,,,,,,,,,,,,,,,,,,,,,,,,,,,,,,,
chv,Cyrl,alphabet,,Chuvash,Altaic,Turkic,Agglutinative,91.95,13617218,860487,12800189.0,143960,5,0.1531493757415338,-1.2346490709086069,0.741787,25.82,13.268701636060367,9869.09196524158,8.05070158377327,5.817287307242104,1.0,0.0,,,,,,,,,,,,,,,,,,,,,,,,,,,,,,,,,,,,,,,,,,,,,,
ckb,Arab,abjad,,Kurdish (Central),Indo-European,Iranian,Fusional,63.98,34087911,2300047,32042637.0,502075,3,0.534137082044811,-1.2047266915099388,0.758984,24.1,13.282995647186356,9967.359488960874,8.34064830951551,5.473181779639423,0.9999541901110393,0.0,,,,,,,,,,,,,,,,,,,,,,,,,,,,,,,,,,,,,,,,,,,,,,
cmn,Hani,logographic,,Kunming,Sino-Tibetan,Chinese,Isolating,97.81,5633233,3779777,57907304.0,76787,37,0.0816882353026152,-1.23497023317648,0.926061,7.39,12.092036110072709,4365.817504211106,2.468542852305729,1.7926763435576278,1.0,0.0,,,,,,,,,,,,,,,,,,,,,,,,,,,,,,,,,,,,,,,,,,,,,,
cos,Latn,alphabet,,Corsican,Indo-European,Romance,Fusional,99.72,63462820,4649758,59655051.0,714380,3,0.7599765590883427,-1.266702970517543,0.842468,15.75,13.49864602430458,11574.369806662033,8.407582799070523,4.964357033237638,0.9998978134886196,0.0,,,,,,,,,,,,,,,,,,,,,,,,,,,,,,,,,,,,,,,,,,,,,,
cym,Latn,alphabet,,Welsh (Colloquial),Indo-European,Celtic,Fusional,99.53,45085322,1138828,42380203.0,36040,47,0.0383404184348576,-1.3044718494019332,0.778118,22.19,10.861227288336966,1860.1809972670092,7.0397058823529415,4.604311428144881,1.0,0.0,,,,,,,,,,,,,,,,,,,,,,,,,,,,,,,,,,,,,,,,,,,,,,
dan,Latn,alphabet,,Danish,Indo-European,Germanic,Fusional,99.95,3108617544,19880034,2922101529.0,63300,1526,0.0673404014613036,-1.2855572797357795,0.771141,22.89,10.611518194415082,1564.5349744918535,8.589589257503949,4.6754723336651045,1.0,0.0,,,,,,,,,,,,,,,,,,,,,,,,,,,,,,,,,,,,,,,,,,,,,,
deu,Latn,alphabet,CELEX,German,Indo-European,Germanic,Fusional,99.93,9286535605,55115197,8729344767.0,125408,2230,0.1334127511968852,-1.278484955097111,0.743891,25.61,11.328188735955283,2571.133376430384,9.913003955090584,5.592710821041169,1.0,0.0,125407.0,963100.5480000074,0.1302117419208436,11.52558619442797,2948.133611278892,-1.2780987222256026,-1.5845872832271737,1.0,0.7456697459584296,9.913059079636705,5.692046161103376,55424.0,1483812.9170000905,0.0373524177913573,9.479398014562552,713.8108470896586,11.25784620725898,2448.777887699898,6.97459584295612,3.6945399694210006,2.3126061543613994,1.526238567225115,0.7863675871362843,0.3358664189399316,0.2803671246421651,0.748560063037973,-0.0914550707009274,1.5406625196935977,1.2628796022656057,0.2777829174280496,0.1175613296401093,0.1129132895062978,0.8972820815205423,-0.0114711899627516,9.442515904260144,7.183654718299541,6.473688489682966,6.705207456814665,11.83470672434111,7.909090671769254,7.546543337683001,7.546844332952237,54861.0,2082.0,998.0,1552.0
deu,Latn,alphabet,MorphoChallenge,German,Indo-European,Germanic,Fusional,99.93,9286535605,55115197,8729344767.0,125408,2230,0.1334127511968852,-1.278484955097111,0.743891,25.61,11.328188735955283,2571.133376430384,9.913003955090584,5.592710821041169,1.0,0.0,125407.0,963100.5480000074,0.1302117419208436,11.52558619442797,2948.133611278892,-1.2780987222256026,-1.583015022123936,1.0,0.7135941024371458,9.913059079636705,5.692046161103376,54531.0,1672321.6980000637,0.0326079605767322,8.973190263355157,502.5733159469885,10.927749392196576,1947.9614238734896,6.916066090847408,3.278081086644964,2.4619518846635358,1.6618689546835503,0.8000829299799852,0.3461210299265591,0.2607111245783728,0.7478382481877683,-0.0602247191011236,1.7363936729895653,1.414501370421834,0.3218923025677554,0.135107391715447,0.1315237326601534,0.8833833320605483,-0.0579377964051371,8.887310378431016,6.712196248095024,6.138155118575219,5.449902653556783,11.277405443244358,7.87688406339092,7.460778131515241,7.132424468457651,53890.0,2389.0,1172.0,1573.0
div,Thaa,abjad,,Dhivehi,Indo-European,Indic,Fusional,98.85,42092388,1634332,39566852.0,187780,8,0.1997649411955491,-1.3003230314155385,0.629661,37.03,13.244284313938683,9703.465131396675,10.531419746511876,7.721961681460026,1.0,0.0,,,,,,,,,,,,,,,,,,,,,,,,,,,,,,,,,,,,,,,,,,,,,,
ekk,Latn,alphabet,,Standard Estonian,Uralic,Finnic,Agglutinative,99.31,19137427,1345951,17989183.0,319255,3,0.339627372341207,-1.1658845175691408,0.773689,22.63,13.61117834376658,12513.33172672154,9.868594070570548,6.564535309913741,1.0,0.0,,,,,,,,,,,,,,,,,,,,,,,,,,,,,,,,,,,,,,,,,,,,,,
ell,Grek,alphabet,GreekAnnotatedDictionary,Greek (Modern),Indo-European,Greek,Fusional,88.01,703548410,6135736,661335985.0,57473,522,0.0611414484489628,-1.209069975725822,0.740507,25.95,10.985362016539115,2027.3254868086813,8.247263932629235,5.163357549642487,1.0,0.0,57472.0,967041.8939999962,0.0594307241046996,11.14361936990683,2262.370298914241,-1.2083834642175797,-1.3600492811298734,1.0,0.8022443465348945,8.247355233853007,5.23708786808777,41081.0,1567046.482000025,0.0262155593161271,9.23622048561927,603.0862302865917,11.952822450413915,3964.223123143478,7.168715464569996,3.231862621928224,1.7905240812917596,1.0091870824053453,0.7813369988864143,0.043951837416481,0.7373503619153675,0.6483191815144639,0.1443037974683544,1.6204535622734717,1.0035420999041025,0.6169114623693813,0.0200047020920482,0.5969025557025115,0.7131534012941181,0.219697921272674,10.596643386791294,4.842937406151449,3.618979681959811,4.6806589875463125,15.022232065115798,5.7670376237658,4.064524960235127,5.56123778621825,40940.0,321.0,71.0,278.0
eng,Latn,alphabet,MorphoLex,English,Indo-European,Germanic,Isolating,96.58,21496075402,39672118,20206328177.0,25844,33409,0.0274935930375037,-1.2882131283175369,0.761048,23.9,10.566117121601852,1516.0662902201884,7.129933446834856,4.719709601794616,1.0,0.0,25843.0,939329.025000006,0.0275121914815736,10.897154943092264,1907.086998044508,-1.2867613243252078,-1.582257789053262,1.0,0.6779273029966704,7.130093255427002,4.830785155393203,14416.0,1262777.406999987,0.0114161054197576,9.664467422472732,811.5113274389498,11.06749316046432,2146.087465986108,5.69804384017758,3.593425638474419,1.7542854931702976,1.0471307510737915,0.7071547420965059,0.1071856982548465,0.598266455132918,0.7098672754711258,0.1915584415584415,1.3443398142626293,1.016336261939739,0.3280035523228915,0.0442460457346133,0.2832629684790155,0.8580379876121291,0.1491588753910641,10.208817260266834,5.159761629675745,4.8917207400484966,4.6042323963987455,13.28387238010026,5.519215633315186,5.398449139094243,4.903010791847712,14289.0,349.0,143.0,285.0
epo,Latn,alphabet,,Esperanto,other,Constructed,Agglutinative,99.7,188846076,5119050,177515321.0,131137,45,0.1395074977139355,-1.2808048917988013,0.768702,23.13,11.079945873803132,2164.6917318957167,7.980516559018431,4.875606449766665,1.0,0.0,,,,,,,,,,,,,,,,,,,,,,,,,,,,,,,,,,,,,,,,,,,,,,
est,Latn,alphabet,,Estonian,Uralic,Finnic,Agglutinative,99.94,246690467,5623162,231889068.0,194551,46,0.2069684692429422,-1.2854549457087632,0.75772,24.23,12.81352443713349,7198.718741757522,9.586936073317537,6.096997310800353,0.9999897199191986,0.0,,,,,,,,,,,,,,,,,,,,,,,,,,,,,,,,,,,,,,,,,,,,,,
eus,Latn,alphabet,,Basque,Basque,Basque,Agglutinative,99.92,186936484,5184337,175720321.0,160759,39,0.1710202562487001,-1.3283440135394813,0.743494,25.65,12.735753146333034,6820.931913346156,9.077892995104474,6.491208151161982,0.9999688975422838,0.0,,,,,,,,,,,,,,,,,,,,,,,,,,,,,,,,,,,,,,,,,,,,,,
fao,Latn,alphabet,,Faroese,Indo-European,Germanic,Fusional,99.96,55085340,1402912,51780246.0,66027,30,0.0702413565756473,-1.2577517260009226,0.73862,26.14,10.88080962587786,1885.6021925106404,8.599512320717283,4.860132298328594,1.0,0.0,,,,,,,,,,,,,,,,,,,,,,,,,,,,,,,,,,,,,,,,,,,,,,
fas,Arab,abjad,PerSegLex,Persian,Indo-European,Iranian,Isolating,96.57,1268906100,8870040,1192772999.0,35968,1311,0.0382637861909417,-1.3272540867516174,0.826616,17.34,11.026210319813664,2085.547303436231,5.7171652580071175,3.884357576742899,1.0,0.0,35967.0,956275.8079999976,0.0376115339310142,11.259404779172687,2451.424780248389,-1.326211296029975,-1.5567004655373349,1.0,0.7677739070703106,5.717296410598604,4.016240545740136,20381.0,1289698.1540000276,0.0158029225185659,9.741639233355716,856.1022060734248,11.271929079860696,2472.7986903045603,4.767675776458466,2.977930895758976,1.7459337726249062,1.0588317068423834,0.6871020657825229,0.1448272027135985,0.5336836544610337,0.7338194270673689,0.0738226559185405,1.3486675530329768,1.0143518699157543,0.3343156831172285,0.0675259182129182,0.2648101320576344,0.8571637796432368,0.0450181062653974,10.38923233542508,5.179309755030899,5.265659100696918,4.446027146448379,13.537733469760768,5.567730261356146,5.538556873872185,4.834397035355531,20316.0,293.0,171.0,232.0
fil,Latn,alphabet,,Filipino,Austronesian,Greater Central Philippine,Agglutinative,99.23,685641556,10365451,644503319.0,46202,506,0.0491510420778372,-1.2832614059653993,0.784886,21.51,10.564038743944003,1513.8837848144226,7.374096359464958,4.77212186086508,0.9999567118306568,0.0,,,,,,,,,,,,,,,,,,,,,,,,,,,,,,,,,,,,,,,,,,,,,,
fin,Latn,alphabet,MorphoChallenge,Finnish,Uralic,Finnic,Agglutinative,99.96,660781477,17758132,621134590.0,702267,29,0.7470950472180583,-1.2951108982842554,0.764974,23.5,13.960848256777991,15945.351239798109,11.296461317419158,7.173882038995767,0.9999843364418376,0.0,702283.0,958870.880000834,0.7324062234525145,14.301662565240358,20194.32865703172,-1.2949433268325794,-1.6646737400672753,1.0,0.695784755186469,11.296760707578,7.395857760321007,196762.0,2026010.119998294,0.0971179749093087,9.86164742111861,930.3613933135308,11.181399999738694,2322.398773358411,7.650872627844808,3.5002879368666915,2.8231624572999774,2.1428483958745974,0.6803140614253798,0.1953471748568597,0.2426884888285776,0.7955690977620468,-0.0145194158270123,2.112912345402889,1.7787918244000165,0.3341205210028001,0.0702331590254558,0.1653104649499543,0.8830544025673619,-0.0009154455117566,9.663138590594109,7.851863167709815,8.083530159196998,6.18070004799665,11.041654822178694,8.822354092963462,8.833459782146331,7.211370338504645,195604.0,4211.0,2008.0,2333.0
fra,Latn,alphabet,MorphoLex,French,Indo-European,Romance,Fusional,99.87,2207291174,10158965,2074853825.0,32063,2980,0.0341095704765396,-1.2152014449220592,0.737776,26.22,10.406155539421896,1356.953473045091,7.964944016467579,4.8431351138676,0.9999688114025512,0.0,32063.0,940016.916000006,0.0341089606519376,10.721920061395863,1688.9607209677845,-1.2139646769836756,-1.408895609777461,1.0,0.7831848502484666,7.9651935252471695,5.024561000559665,22337.0,1195651.3290000134,0.018681867747081,10.015194004997255,1034.8414311302722,11.98165475433749,4044.2452002945975,6.748041366342839,3.950288388798292,1.6341265633284472,1.0249508779590182,0.6091756853694289,0.112528459595172,0.4961793968125253,0.7540248885007405,0.1617900172117039,1.2719466093097571,1.0098717404357838,0.2620748688739549,0.0377494781168384,0.2242558132858099,0.888994603422644,0.1530037747593508,10.308039018873018,5.650913489383337,5.031505160798939,5.111315662244394,14.05737290403513,6.036955802161199,5.033211750994055,5.504889126540863,22141.0,446.0,138.0,347.0
fry,Latn,alphabet,,Frisian,Indo-European,Germanic,Fusional,99.91,26072165,996328,24507838.0,68550,13,0.0729255611627314,-1.2295841373855236,0.780298,21.97,10.52777193502008,1476.301768309132,8.014500364697302,4.505460824410542,0.9999708242159008,0.0,,,,,,,,,,,,,,,,,,,,,,,,,,,,,,,,,,,,,,,,,,,,,,
gla,Latn,alphabet,,Gaelic (Scots),Indo-European,Celtic,Fusional,99.82,4739721,250687,4455339.0,32234,6,0.0342913430398205,-1.2396657989711544,0.773797,22.62,10.310385007258974,1269.7995067243685,7.396910094930818,4.51138128883122,0.9999689768567352,0.0,,,,,,,,,,,,,,,,,,,,,,,,,,,,,,,,,,,,,,,,,,,,,,
gle,Latn,alphabet,,Irish,Indo-European,Celtic,Fusional,99.88,227458246,3794750,213810903.0,44344,161,0.0471744310983491,-1.3085846154315794,0.749985,25.0,10.519991445615634,1468.361467370303,7.697591556918636,4.730479254371794,0.9989626556016598,0.0,,,,,,,,,,,,,,,,,,,,,,,,,,,,,,,,,,,,,,,,,,,,,,
glg,Latn,alphabet,,Galician,Indo-European,Romance,Fusional,99.77,371358317,4117496,349076841.0,44741,335,0.0475968071941317,-1.2526717081101728,0.749839,25.02,10.793362364477792,1774.703581630546,7.799602154623276,4.945642363596386,0.9999776491361392,0.0,,,,,,,,,,,,,,,,,,,,,,,,,,,,,,,,,,,,,,,,,,,,,,
glk,Arab,abjad,,Gilaki,Indo-European,Iranian,Fusional,96.77,20138023,651837,18929750.0,42107,16,0.0447947091575104,-1.335546512896067,0.85242,14.76,11.048926517622482,2118.645532893132,5.304106205619018,3.548961660877719,1.0,0.0,,,,,,,,,,,,,,,,,,,,,,,,,,,,,,,,,,,,,,,,,,,,,,
gsw,Latn,alphabet,,German (Thurgau),Indo-European,Germanic,Fusional,99.87,10945704,977279,10288962.0,207260,3,0.2204922273975333,-1.1124434439330184,0.813489,18.65,12.010597660507708,4126.198925813898,8.839809900607932,4.712188168252541,0.9998504294123324,0.0,,,,,,,,,,,,,,,,,,,,,,,,,,,,,,,,,,,,,,,,,,,,,,
guj,Gujr,abugida,,Gujarati,Indo-European,Indic,Fusional,85.59,319922531,5445982,300727238.0,102287,109,0.1088159911334692,-1.3092248732976166,0.751353,24.86,12.134605202413898,4496.55750118999,6.833800971775495,4.6428533553718205,1.0,0.0,,,,,,,,,,,,,,,,,,,,,,,,,,,,,,,,,,,,,,,,,,,,,,
hat,Latn,alphabet,,Haitian Creole,other,Creoles and Pidgins,Isolating,99.64,99424093,2611978,93458679.0,60601,50,0.0644691569605276,-1.3190394618551962,0.808869,19.11,10.874354376256498,1877.1840295855063,6.428408772132473,4.080821225816813,0.999983498622135,0.0,,,,,,,,,,,,,,,,,,,,,,,,,,,,,,,,,,,,,,,,,,,,,,
hau,Latn,alphabet,,Hausa,Afro-Asiatic,West Chadic,Isolating,82.25,123258766,2647523,115863291.0,47162,76,0.0501723156062503,-1.3440890788396096,0.791824,20.82,10.700341002001954,1663.8861450056015,6.468512785717315,4.419715852883896,1.0,0.0,,,,,,,,,,,,,,,,,,,,,,,,,,,,,,,,,,,,,,,,,,,,,,
haw,Latn,alphabet,,Hawaiian,Austronesian,Oceanic,Agglutinative,95.87,33631799,1309713,31613895.0,75528,14,0.0803491061855212,-1.2447814117287443,0.826453,17.35,10.387022637508352,1339.0764723532254,6.813287787310666,3.793522247100523,0.9997219574197648,0.0,,,,,,,,,,,,,,,,,,,,,,,,,,,,,,,,,,,,,,,,,,,,,,
hbs,Latn,alphabet,Morphynet,Serbian-Croatian,Indo-European,Slavic,Fusional,67.17,679947593,11675735,639150781.0,152283,185,0.1620032654248942,-1.2485383320795445,0.780542,21.95,12.506458206565576,5818.607463587969,8.024730271927924,5.221234161333208,1.0,0.0,152282.0,960726.6820000128,0.1585070997330726,12.768986690590534,6979.880834505697,-1.24819882510654,-1.3541537939578443,1.0,0.8706106870229008,8.024776401675838,5.393792079566634,115280.0,1275594.52500025,0.0903735456217777,11.356306190431136,2621.7350685425413,14.517535692552023,23453.82641641092,7.599340735600277,4.062366972764315,1.433491811244927,1.0166795813031086,0.4168122299418185,0.2064262355367016,0.2103400270550688,0.7942824277765258,-0.0011778563015312,1.3277392508185464,1.00683646360932,0.3209027872091597,0.1867672985062264,0.134129554653087,0.8410729035177364,-0.0002910581278054,12.210386359320442,6.329309517369986,4.794021130936264,6.6115558461987005,16.44746476046559,6.974255846004398,5.297484238284004,7.036215251894018,115057.0,840.0,393.0,595.0
heb,Hebr,abjad,,Hebrew (Modern Ashkenazic),Afro-Asiatic,Semitic,Introflexive,93.93,497595676,5427804,467740036.0,121135,192,0.1288671195720422,-1.2551417440581654,0.853283,14.67,13.16601690353138,9191.068680272916,5.783250092871589,4.323123845229276,1.0,0.0,,,,,,,,,,,,,,,,,,,,,,,,,,,,,,,,,,,,,,,,,,,,,,
hif,Latn,alphabet,,Fiji Hindi,Indo-European,Indic,Fusional,99.77,11909669,526182,11195089.0,45386,9,0.0482828647963913,-1.3011337639019902,0.831672,16.83,10.911142328353758,1925.666733051193,5.985788569162297,3.956486098502656,0.999933900321685,0.0,,,,,,,,,,,,,,,,,,,,,,,,,,,,,,,,,,,,,,,,,,,,,,
hin,Deva,abugida,kcis,Hindi,Indo-European,Indic,Fusional,83.33,552586610,4142136,519432093.0,21948,1001,0.0233489063879375,-1.2833542645614453,0.756945,24.31,10.395472465588387,1346.9424219655696,5.777884089666484,3.884382981318792,1.0,0.0,21947.0,954872.7340000008,0.022984214773903,10.608898871110943,1561.697018502559,-1.2818444804368303,-1.4949755314563633,1.0,0.757565313297029,5.778056226363512,3.973439132675032,14507.0,1704602.532000051,0.0085104883558858,8.78876993765737,442.2658194934826,11.357445497923186,2623.806290835066,4.90928517267526,2.2258142979221422,1.8765662732947557,1.0609650521711396,0.815601221123616,0.0899895202077732,0.7212830910830638,0.6210856457222806,0.0037453183520599,1.7851620130144088,1.0246421173860842,0.7605198956283163,0.1774892328216802,0.5820478679622696,0.6433416038176883,0.0383066686596074,9.737906164787011,5.876837258262635,4.396499361343715,5.772033442280177,13.291419718794234,6.876253124723802,6.3323545498565625,6.6871275038115305,14251.0,655.0,192.0,592.0
hmn,Latn,alphabet,,Hmong,Hmong-Mien,Hmongic,Isolating,97.95,61626477,1550383,57928927.0,21323,68,0.0226840269398249,-1.375623841449697,0.772724,22.73,9.646252571264329,801.3299402980587,6.175772639872438,3.9248654648825103,1.0,0.0,,,,,,,,,,,,,,,,,,,,,,,,,,,,,,,,,,,,,,,,,,,,,,
hrv,Latn,alphabet,CroDeriV,Croatian,Indo-European,Slavic,Fusional,99.82,1136493682,9010643,1068304306.0,97956,540,0.1042084793757544,-1.215700139735806,0.766705,23.33,12.106145269654796,4408.723457465397,7.96573971987423,5.167063753274809,1.0,0.0,97955.0,961450.6440000044,0.1018825049536287,12.346491592935417,5207.920076363372,-1.215229405861867,-1.6108066162170598,1.0,0.6620600180505415,7.965810831504262,5.334140903648901,35456.0,2118295.951999962,0.0167379822288404,8.820420636330644,452.0757233903344,10.356440501707551,1310.989578419602,6.221598601083032,2.4210490126075124,2.6905722015211064,1.4679087336021643,1.2226634679189423,0.3632382216323822,0.7392680312388341,0.6075505516381698,0.190671350507416,2.2032290115143813,1.3449728460528538,0.8582561654615739,0.2693719065208699,0.5247746341932806,0.690942424299322,0.165689406915302,9.329340580747008,6.378589995329681,5.195413212133911,5.871382961453782,11.443996904206983,7.108387257487923,5.542379955245802,6.863150821873993,35300.0,1035.0,491.0,763.0
hsb,Latn,alphabet,,Sorbian (Upper),Indo-European,Slavic,Fusional,99.5,9360515,518353,8798887.0,103553,5,0.1101631500050121,-1.1817551899914334,0.740205,25.98,12.122383844213497,4458.627148009998,8.134636369781658,5.14304206884348,1.0,0.0,,,,,,,,,,,,,,,,,,,,,,,,,,,,,,,,,,,,,,,,,,,,,,
hun,Latn,alphabet,LDC_RLP,Hungarian,Uralic,Ugric,Agglutinative,99.94,1256924387,18649899,1181508970.0,316281,137,0.3364688980162692,-1.259530574683969,0.737115,26.29,12.47627802612859,5698.150558164308,9.573739807323236,5.846165321114744,1.0,0.0,316280.0,901465.9419999978,0.3508507479476144,13.324915944609254,10261.22921628695,-1.2593079819785082,-1.6212222535570602,1.0,0.6981058425146136,9.573766915391426,6.375876896966578,102473.0,1659774.521000107,0.0617391089593629,10.261546136965858,1227.5330365878324,11.638218148703311,3187.51882877304,6.822089721194852,3.462891990616135,2.50405653218667,1.5098235740483117,0.9942329581383584,0.2231883141520172,0.6419153914253194,0.6668284770275713,0.1268563472797372,1.841194928915231,1.2868627875461838,0.5543321413689154,0.1138198596525563,0.3857517137347463,0.7897531728195964,0.1110932889897311,10.445773152479116,7.624098589731608,7.295067214085139,6.988813771390491,12.582762037590848,8.108690361756729,7.750525102582682,7.460360307309893,101763.0,2706.0,1303.0,1885.0
hye,Armn,alphabet,Uniparser,Armenian (Eastern),Indo-European,Armenian,Fusional,95.81,90442568,3611853,85016022.0,224488,14,0.2388173637508483,-1.3040119460205442,0.692547,30.75,12.921149223856808,7756.28028943898,8.955440825344784,6.342706778258808,0.9999955454189088,0.0,224488.0,950247.9129993116,0.2362415080622888,13.297298505353227,10066.667203770792,-1.3038177350224964,-1.4611915436420146,1.0,0.8057485863137372,8.955449734506967,6.622397902603507,123613.0,1592555.245000543,0.0776192853516725,9.804528107700405,894.2460978897458,11.851610043765614,3695.643922967678,8.399877035586872,3.95144378303676,1.81721962866612,1.5031582979936566,0.3140613306724635,0.021404262143188,0.2313353052278963,0.878948763408229,0.2719233603537214,1.67593658793011,1.4302041324250607,0.2457324555051937,0.0208342304457284,0.1803831007205055,0.8995370942742733,0.1942648780428607,10.000602951392834,4.939061821577781,2.585816975316678,4.835942770109592,12.486990955742312,5.008652497857127,1.6427551783849437,4.9930458873901085,123581.0,137.0,29.0,128.0
ibo,Latn,alphabet,,Igbo,Niger-Congo,Igboid,Isolating,99.47,45904945,1324636,43150660.0,53844,27,0.0572807837893702,-1.326205325492073,0.785923,21.41,10.938895579160056,1963.069559858632,6.366856102815541,4.185865592785834,1.0,0.0,,,,,,,,,,,,,,,,,,,,,,,,,,,,,,,,,,,,,,,,,,,,,,
ido,Latn,alphabet,,Ido,other,Constructed,Agglutinative,99.21,9379265,279386,8816512.0,21232,15,0.02258722053828,-1.2002938375012917,0.6869,31.31,8.862149537935332,465.3426267220468,7.214487565938207,4.66002859180592,1.0,0.0,,,,,,,,,,,,,,,,,,,,,,,,,,,,,,,,,,,,,,,,,,,,,,
iku,Cans,syllabary,,Inuktitut,Eskimo-Aleut,Eskimo,Polysynthetic,98.68,5244508,1436860,4929838.0,1113285,1,1.184055745494183,-0.6893585089316737,0.640865,35.91,15.1394405457234,36093.227741104456,11.337907184593345,7.60398718984275,1.0,0.7595512380028474,,,,,,,,,,,,,,,,,,,,,,,,,,,,,,,,,,,,,,,,,,,,,,
ilo,Latn,alphabet,,Ilocano,Austronesian,Northern Luzon,Agglutinative,99.71,4154961,263989,3905664.0,42729,4,0.0454564826928306,-1.1477660785492767,0.751609,24.84,9.123228444160413,557.6547669428084,7.990451449835007,4.863065025562875,1.0,0.0,,,,,,,,,,,,,,,,,,,,,,,,,,,,,,,,,,,,,,,,,,,,,,
ina,Latn,alphabet,,Interlingua,other,Constructed,Isolating,99.6,5934314,416262,5578256.0,75488,4,0.080305807681484,-1.1951866953305978,0.785906,21.41,11.13294898855445,2245.699207604257,7.504689487070792,4.921836323037164,0.999986752861382,0.0,,,,,,,,,,,,,,,,,,,,,,,,,,,,,,,,,,,,,,,,,,,,,,
ind,Latn,alphabet,LDC_RLP,Indonesian,Austronesian,Malayo-Sumbawan,Agglutinative,99.72,2199538692,11169512,2067566373.0,25293,3788,0.026907448182508,-1.299727546663065,0.724273,27.57,11.227363782062518,2397.5809023649485,7.256236903491084,5.981845850034048,1.0,0.0,25292.0,967185.6990000104,0.0261500971593664,11.392899138678024,2689.084059748665,-1.2984652719095329,-1.436508940164204,1.0,0.8224865102962229,7.256365649217144,6.0490848366027565,18162.0,1395395.7560000042,0.0130156623466181,9.54690277962646,748.0043135814614,11.287713466507578,2500.0018835556143,5.9466468450611165,4.192778885017608,1.5922821445516369,1.0153012810374822,0.5769808635141547,0.2944013917444251,0.2820654752490906,0.780530075386159,0.0438527799530148,1.44273820161187,1.0091839726426717,0.4335542289692136,0.2421024082987372,0.1895945609923645,0.8277083276366152,0.0133223819201456,10.675852142617252,4.208843003487864,3.7661431217803143,2.542125799764392,13.791318200914864,4.333748271810399,3.9155170822990417,2.7633833484320114,18044.0,235.0,90.0,169.0
isl,Latn,alphabet,,Icelandic,Indo-European,Germanic,Fusional,99.97,1623890003,14967373,1526456952.0,106092,514,0.1128638121372541,-1.2574807086582018,0.748538,25.15,11.181595273682012,2322.713139628934,8.731704558307884,4.808525430332607,1.0,0.0,,,,,,,,,,,,,,,,,,,,,,,,,,,,,,,,,,,,,,,,,,,,,,
ita,Latn,alphabet,DerIvaTario,Italian (Fiorentino),Indo-European,Romance,Fusional,99.88,2602392593,10821872,2446251901.0,34610,3391,0.036819109101028,-1.2230831125510453,0.752087,24.79,10.780439362759427,1758.8775862266057,8.050043340075122,4.993752228462755,1.0,0.0,34609.0,956483.5999999949,0.0361835791016178,11.000973023616051,2049.3817365865825,-1.222009847934664,-1.4769253477560838,1.0,0.7658962136882813,8.050218151347915,5.129956607724405,22238.0,1466971.2240000516,0.0151591248936449,9.855844381155569,926.6266603825349,11.884889468448154,3781.88418597692,6.286941271697095,3.3447959194595813,1.8823138489988156,1.056488196711838,0.8258256522869774,0.224710335461874,0.5921292149440897,0.6747247825709854,0.1778728606356968,1.5337128874975006,1.0197784698033514,0.5139344176941464,0.2003915007011104,0.3107605148692546,0.7780536075230954,0.1756126127552566,10.428292670894256,6.683251091259611,4.83310032036684,6.639956481293267,13.912171336311244,7.255750087263228,5.59385905161975,7.052105089943963,21980.0,759.0,252.0,649.0
jav,Latn,alphabet,,Javanese,Austronesian,Javanese,Agglutinative,99.62,10106707,643864,9500307.0,91343,5,0.0971729418568271,-1.2777988123546655,0.77466,22.53,12.273507293592544,4951.01049996407,7.307544092048651,5.736417465246123,0.9999890522535936,0.0,,,,,,,,,,,,,,,,,,,,,,,,,,,,,,,,,,,,,,,,,,,,,,
kal,Latn,alphabet,,Greenlandic (South),Eskimo-Aleut,Eskimo,Polysynthetic,100.0,3749561,691070,3524588.0,402734,1,0.4284410855104309,-1.0007791352454738,0.646354,35.36,14.64013528477386,25534.059220484454,17.054723465115934,12.021095798998353,0.9999925509144992,0.4008427398729682,,,,,,,,,,,,,,,,,,,,,,,,,,,,,,,,,,,,,,,,,,,,,,
kan,Knda,abugida,kcis,Kannada,Dravidian,Dravidian,Agglutinative,97.56,206372536,7608492,193990194.0,480029,13,0.510661513460081,-1.3553991507787089,0.678812,32.12,14.3004522165886,20177.39373471096,9.780252859723058,6.897661852949124,0.9999979167925273,0.0,480029.0,981652.4280016536,0.4890009807006675,14.43297670139584,22118.665143041188,-1.3556108422339916,-1.6542991155251363,1.0,0.7256650214351844,9.780273691797786,6.933065294663068,169581.0,2940795.423012691,0.0576650108582776,8.359723592932196,328.49408730837206,9.033407437860854,523.99434716117,7.499554785028983,2.314291160051913,3.7294455126669432,3.408412825058486,0.321032687608457,0.0152615779463324,0.1898322809663583,0.9106150979503886,0.019345238095238,2.995760351743605,2.7970731703784844,0.1986871813651094,0.0116533598590362,0.1273035500501783,0.9347931255059888,-0.0249120035314755,8.147386780548842,6.720932328336888,5.593268963080182,6.378942170855806,8.7653677632579,7.347975049788097,6.71537509547986,6.977983040864705,169267.0,1371.0,400.0,859.0
kat,Geor,alphabet,MorphAGram,Georgian,Kartvelian,Kartvelian,Agglutinative,87.26,678888546,11077029,638155270.0,235515,103,0.2505476185943123,-1.3140712180397236,0.7369,26.31,13.481371810748769,11436.60963805863,8.854005052756724,6.794393071454224,1.0,0.0,235514.0,959652.3239999252,0.2454159637923394,13.794050388965504,14204.401148644642,-1.3138126823262424,-1.6716309914279863,1.0,0.6430050472369613,8.854034155082076,6.995970333314718,77270.0,2554482.1000045133,0.0302487928961661,8.462772741620414,352.8161379495082,9.177103131634974,578.8730298600101,6.521664294033907,2.6281975046871744,3.188409181619776,2.678944776106728,0.5094644055130481,0.1207571524410438,0.2400324396851142,0.856928046825881,0.0503799141063759,2.661882888328932,2.305352282980291,0.3565306053487569,0.1069781351355403,0.1438959335026723,0.8917015263041783,0.0607578855246256,8.297036146601336,5.780985050567786,4.195500680152703,4.704216164887431,9.02152326153948,6.307582426935447,5.07230788095513,5.08952737361621,77062.0,929.0,409.0,435.0
kaz,Cyrl,alphabet,,Kazakh,Altaic,Turkic,Agglutinative,96.8,457504386,8300445,430054219.0,161555,103,0.1718669978734336,-1.34037039104057,0.684049,31.6,13.528634377699165,11817.476519373287,8.839720219120423,6.807099513654579,1.0,0.0,,,,,,,,,,,,,,,,,,,,,,,,,,,,,,,,,,,,,,,,,,,,,,
kin,Latn,alphabet,,Kinyarwanda,Niger-Congo,Bantu,Agglutinative,99.91,13276941,685365,12480325.0,88987,6,0.0946667814876067,-1.273505207144446,0.719824,28.02,12.069832588271952,4299.140630736609,8.460449279108184,5.894832466301959,0.9998089608594514,0.0,,,,,,,,,,,,,,,,,,,,,,,,,,,,,,,,,,,,,,,,,,,,,,
kir,Cyrl,alphabet,,Kirghiz (Fu-Yu),Altaic,Turkic,Agglutinative,97.53,69638235,2098184,65459958.0,121224,23,0.1289615653460875,-1.3027600624084452,0.711038,28.9,13.111982629864626,8853.195899851651,8.611991024879561,6.435503044471859,1.0,0.0,,,,,,,,,,,,,,,,,,,,,,,,,,,,,,,,,,,,,,,,,,,,,,
kor,Hang,syllabary,,Korean,Korean,Korean,Agglutinative,89.25,96645812,8097805,90847065.0,2228267,2,2.3701851242533447,-1.218203831492176,0.859856,14.01,15.754332359079177,55274.72642117678,4.729069720998426,3.010112159374659,0.9999524293991698,0.0,,,,,,,,,,,,,,,,,,,,,,,,,,,,,,,,,,,,,,,,,,,,,,
lat,Latn,alphabet,WFL,Latin,Indo-European,Romance,Fusional,99.48,41847723,1990258,39336866.0,215617,8,0.2293787557619893,-1.241713830673427,0.785997,21.4,13.014917402153964,8277.144349144011,8.426241901148796,5.751539535457654,1.0,0.0,215616.0,962577.3690010536,0.2239986176111356,13.281550065486512,9957.377187958864,-1.2414948075952283,-1.6390746341985551,1.0,0.6577443822215921,8.426271705253784,5.897369332390555,70535.0,1670976.843999139,0.0422118357015582,9.899673872299871,955.2098294495144,11.377288799214783,2660.144313745776,6.464506982349189,3.397205535424501,2.1417937444345503,1.4333722914811518,0.7084214529533986,0.0641928242802018,0.5578203843870585,0.7082121302067814,0.028113356667043,1.7359402971785831,1.338107349580879,0.3978329475971121,0.0256147129509075,0.3380246248025366,0.824716856846257,0.0205047733126044,10.086468139480472,6.29709577130285,4.512723878564263,5.972128435223986,12.325213089866285,6.8415617539257205,4.3642962877846925,6.614441340754946,70330.0,858.0,223.0,728.0
lav,Latn,alphabet,,Latvian,Indo-European,Baltic,Fusional,99.85,10230258,337155,9616447.0,57427,10,0.0610928587208071,-1.2071015328611574,0.706246,29.38,12.332633334026314,5158.133273706134,8.286050115799188,6.091729928943611,1.0,0.0,,,,,,,,,,,,,,,,,,,,,,,,,,,,,,,,,,,,,,,,,,,,,,
lim,Latn,alphabet,,Limburgish,Indo-European,Germanic,Fusional,99.88,15858059,860690,14906579.0,132792,5,0.1412692211213634,-1.1874869691944387,0.802803,19.72,11.65142696562887,3216.8366561039065,8.034173745406349,4.759472646272495,1.0,0.0,,,,,,,,,,,,,,,,,,,,,,,,,,,,,,,,,,,,,,,,,,,,,,
lit,Latn,alphabet,,Lithuanian,Indo-European,Baltic,Fusional,99.83,327524691,6091288,307873215.0,151592,90,0.1612681228500211,-1.2812050757308429,0.739135,26.09,13.150129043474202,9090.406180381382,8.536037521768959,6.259676172219139,1.0,0.0,,,,,,,,,,,,,,,,,,,,,,,,,,,,,,,,,,,,,,,,,,,,,,
lmo,Latn,alphabet,,Lombard,Indo-European,Romance,Fusional,99.72,10938540,616382,10282232.0,94664,5,0.1007060611478024,-1.1294258186565531,0.779714,22.03,10.663266692135045,1621.672402933743,7.120278036001015,4.3034415095866345,1.0,0.0,,,,,,,,,,,,,,,,,,,,,,,,,,,,,,,,,,,,,,,,,,,,,,
ltz,Latn,alphabet,,Luxemburgeois,Indo-European,Germanic,Fusional,99.64,252895650,11833466,237721917.0,908761,8,0.9667679314796108,-1.2836682752879107,0.777502,22.25,13.795303670777296,14216.745997534734,13.680810466118157,6.257516243233055,0.9998019281197148,0.0,,,,,,,,,,,,,,,,,,,,,,,,,,,,,,,,,,,,,,,,,,,,,,
lug,Latn,alphabet,,Luganda,Niger-Congo,Bantu,Agglutinative,99.97,10088346,808373,9483047.0,184979,3,0.1967910479091936,-1.1914997193623562,0.73048,26.95,12.610719281319664,6254.675322502266,9.38806567231956,6.1691310820245855,1.0,0.0,,,,,,,,,,,,,,,,,,,,,,,,,,,,,,,,,,,,,,,,,,,,,,
lus,Latn,alphabet,,Mizo,Sino-Tibetan,Kuki-Chin,Agglutinative,100.0,6540838,181836,6148404.0,11747,25,0.0124967746629909,-1.2743101572919555,0.764758,23.52,9.652397790954398,804.7505184717559,6.403081637864987,4.119725541782875,1.0,0.0,,,,,,,,,,,,,,,,,,,,,,,,,,,,,,,,,,,,,,,,,,,,,,
lvs,Latn,alphabet,,Standard Latvian,Indo-European,Baltic,Fusional,99.25,9447747,549921,8880885.0,100203,5,0.1065988108599155,-1.1981808758437866,0.733481,26.65,12.75639156326615,6919.209764411707,8.213965649731046,6.079088739466844,1.0,0.0,,,,,,,,,,,,,,,,,,,,,,,,,,,,,,,,,,,,,,,,,,,,,,
mal,Mlym,abugida,kcis,Malayalam,Dravidian,Dravidian,Agglutinative,98.34,169069615,10451766,158925439.0,1820175,3,1.936165225785132,-1.2847362862120886,0.6538,34.62,15.605119188436388,49843.5494473578,12.801213070171825,8.558845654659478,0.999993407227327,0.0,1820186.0,987665.1469918824,1.8429181241676036,15.701487512476126,53286.686774826565,-1.285695395267862,-1.510824699099886,1.0,0.7483483301175371,12.8011895487604,8.627487949688716,757718.0,2355479.828918088,0.3216830773490566,10.699089661413046,1662.4435770981654,12.768180317184168,6975.980621734005,9.664891160035792,3.6175481756998416,2.6282748026850005,2.184661897190727,0.4436129054942737,0.0783007890402409,0.2817157147676116,0.8443643776246426,0.0459499109294771,2.3848971852135628,2.094785618681527,0.2901115665296086,0.0438758319376863,0.2040518222318081,0.8866675965101065,0.0320159658819413,10.459875567598832,8.88689887754422,8.165000676184771,8.096645078881545,12.644487698569815,9.908724236766057,9.027998512395955,9.215930409972296,755993.0,7422.0,2517.0,4913.0
mar,Deva,abugida,kcis,Marathi,Indo-European,Indic,Fusional,98.14,278330210,5439313,261630443.0,153312,61,0.1630979710667352,-1.3407636492653456,0.710438,28.96,13.000831864888216,8196.724908608538,7.925256992277187,5.606882567561145,1.0,0.0,153311.0,975331.041000114,0.1571886811300432,13.158531954524443,9143.507326432353,-1.340459367014558,-1.7176147481863056,1.0,0.6816157880834686,7.925295640886825,5.6728182241862575,53002.0,2083310.656000038,0.0254412369309164,9.216239693453772,594.7912828512204,10.74920137457821,1721.202797116699,5.953567789894721,2.655808965919243,2.358467428951608,1.5308294903822948,0.8276379385693133,0.0427040460240948,0.7529466248344867,0.6759734570036602,0.0046335299073294,2.136003642274911,1.4794879823782014,0.656515659896865,0.0943046228752048,0.5333705881714069,0.7225999520744398,-0.0518751106618004,9.367985301921005,6.680060156587453,5.217769765704281,6.5332287969983645,11.49880026632925,6.92945535653604,6.887515452287983,6.780098317880303,52412.0,1677.0,498.0,1371.0
min,Latn,alphabet,,Minangkabau,Austronesian,Malayo-Sumbawan,Agglutinative,99.75,12381459,309426,11638575.0,26493,16,0.0281840183868942,-1.1161740038754302,0.602173,39.78,8.656262741433787,403.454659517925,7.969992073377873,6.234296294864277,1.0,0.0,,,,,,,,,,,,,,,,,,,,,,,,,,,,,,,,,,,,,,,,,,,,,,
mkd,Cyrl,alphabet,,Macedonian,Indo-European,Slavic,Fusional,94.19,783127716,6535618,736140290.0,46170,804,0.0491170068027543,-1.1889794952494015,0.747343,25.27,10.921837913707652,1939.9959344661524,7.972124756335282,4.9839970639292135,1.0,0.0,,,,,,,,,,,,,,,,,,,,,,,,,,,,,,,,,,,,,,,,,,,,,,
mlg,Latn,alphabet,,Malagasy,Austronesian,Barito,Agglutinative,99.57,102502583,2918490,96352451.0,95481,36,0.1015755122481303,-1.273036051294053,0.756078,24.39,11.38888548994936,2681.613292162904,8.333040081272713,5.562894565079616,0.9995810684848294,0.0,,,,,,,,,,,,,,,,,,,,,,,,,,,,,,,,,,,,,,,,,,,,,,
mlt,Latn,alphabet,,Maltese,Afro-Asiatic,Semitic,Introflexive,99.82,483452772,24243992,454445613.0,1203355,9,1.2800656258933385,-1.440411507642948,0.775696,22.43,14.573038692725316,24373.71757205725,10.121890880081107,7.09992636236539,0.9998504182057664,0.0,,,,,,,,,,,,,,,,,,,,,,,,,,,,,,,,,,,,,,,,,,,,,,
mon,Cyrl,alphabet,Morphynet,Mongolian,Altaic,Mongolic,Agglutinative,67.98,157831794,3259876,148361900.0,69694,81,0.0741424588570391,-1.3616844480061083,0.715176,28.48,12.528340579644189,5907.535095463292,7.739762389875742,5.850891974287199,1.0,0.0,69693.0,980052.9860000208,0.0711114613143972,12.639313624749962,6379.880228551674,-1.3611446612620446,-1.5133767156865412,1.0,0.79535691039271,7.739844747679107,5.929269146678439,46090.0,1498629.4329994034,0.0307547676464314,10.332296991286698,1289.2327180899974,12.395138066042554,5386.521011670028,6.890800607507051,3.8775396766161823,1.6118548491240152,1.0151952132925832,0.5966596358314321,0.0142625514757579,0.5822249006356449,0.7068189536012753,0.0121457489878542,1.5291310310847446,1.0104479259246923,0.5186831051602055,0.0261601886492282,0.4924973536073821,0.7427950378523837,0.0470301893208412,11.763105016142324,5.079231386315963,4.550489453579737,4.935534931475762,15.082999999512658,5.361391414837004,6.100493153804397,5.2285936634392725,46032.0,299.0,120.0,277.0
mri,Latn,alphabet,,Maori,Austronesian,Oceanic,Agglutinative,99.11,77081541,2083923,72456675.0,76748,33,0.0816466427853254,-1.23133672256298,0.83738,16.26,10.430456924339625,1380.0041826576114,6.898082034711003,3.8876401518562647,0.999986970344504,0.0,,,,,,,,,,,,,,,,,,,,,,,,,,,,,,,,,,,,,,,,,,,,,,
msa,Latn,alphabet,,Malay,Austronesian,Malayo-Sumbawan,Agglutinative,99.35,113692657,2559818,106871111.0,40163,102,0.0427265876993537,-1.3451885015277774,0.740957,25.9,11.490891339153732,2878.080718693551,7.165525483654109,5.869639045859644,1.0,0.0,,,,,,,,,,,,,,,,,,,,,,,,,,,,,,,,,,,,,,,,,,,,,,
mwl,Latn,alphabet,,Mirandese,Indo-European,Romance,Fusional,99.42,6302540,231629,5924394.0,33516,10,0.0356552553108538,-1.1548783927497166,0.748703,25.13,10.25420269846828,1221.3006657997275,7.991765127103473,4.822008124375253,1.0,0.0,,,,,,,,,,,,,,,,,,,,,,,,,,,,,,,,,,,,,,,,,,,,,,
nan,Latn,alphabet,,Min Nan Chinese,Sino-Tibetan,Chinese,Isolating,95.75,11789109,532383,11081765.0,73355,7,0.0780370870173207,-1.0656060372432372,0.64182,35.82,9.12587741597919,558.6796327149967,8.81729943425806,5.162617056037553,1.0,0.0,,,,,,,,,,,,,,,,,,,,,,,,,,,,,,,,,,,,,,,,,,,,,,
nds,Latn,alphabet,,Low German,Indo-European,Germanic,Fusional,99.86,23638355,1081135,22220060.0,115101,8,0.1224479575328815,-1.18891943433347,0.775714,22.43,10.948513159345774,1976.1998813551213,8.420456816187523,4.848970569836445,1.0,0.0,,,,,,,,,,,,,,,,,,,,,,,,,,,,,,,,,,,,,,,,,,,,,,
nep,Deva,abugida,,Nepali,Indo-European,Indic,Fusional,97.5,70222535,2228615,66009190.0,166313,14,0.1769282592499101,-1.335611148361802,0.709746,29.03,13.016796752357957,8287.933732064985,7.638735396511397,5.463261327703006,0.9997174003234864,0.0,,,,,,,,,,,,,,,,,,,,,,,,,,,,,,,,,,,,,,,,,,,,,,
new,Deva,abugida,,Newari (Kathmandu),Sino-Tibetan,Himalayish,Agglutinative,93.84,3340116,192598,3139711.0,49090,3,0.0522232595302307,-1.076187924080898,0.625083,37.49,9.649209772926174,802.9741717505418,6.954613974332858,5.141720050030083,1.0,0.0,,,,,,,,,,,,,,,,,,,,,,,,,,,,,,,,,,,,,,,,,,,,,,
nld,Latn,alphabet,CELEX,Dutch (Limburg),Indo-European,Germanic,Fusional,99.93,2353343087,16011074,2212143445.0,47786,1594,0.0508361502027915,-1.2751393461984248,0.758444,24.16,10.26680722675828,1232.017665142023,8.44818566107228,4.815140800238657,1.0,0.0,47785.0,937040.178999998,0.0509956788096277,10.594767579105024,1546.4747675419098,-1.2742229243732797,-1.578159376433514,1.0,0.7132838112628128,8.448320602699592,5.004289632493988,24097.0,1298157.3060000252,0.0185624653411606,9.332997953705696,644.9296349751073,11.338040283189835,2588.7506281818137,5.874880690542391,3.612212118921672,2.0033483310662343,1.2389662027833002,0.764382128282934,0.3104739981165638,0.3954378989222559,0.7095460486869907,0.0320208507865587,1.3853806219765028,1.105762801020729,0.2796178209557848,0.1197091581704739,0.147208100667794,0.884821432467836,0.0443904126592297,9.391133501568996,6.606823479968853,5.604342182750558,6.140194396521676,12.548865280571109,7.252362823410421,6.650878877553981,6.700451087810954,23805.0,1204.0,629.0,938.0
nno,Latn,alphabet,,Norwegian Nynorsk,Indo-European,Germanic,Fusional,99.38,108455560,2990444,101948236.0,116915,29,0.1243777040329018,-1.2452842153521355,0.791832,20.82,10.947085705619418,1974.2455260001695,8.605046401231665,4.681264882307527,1.0,0.0,,,,,,,,,,,,,,,,,,,,,,,,,,,,,,,,,,,,,,,,,,,,,,
nob,Latn,alphabet,,Norwegian Bokmal,Indo-European,Germanic,Fusional,99.96,1132728702,12450623,1064765114.0,77896,428,0.0828680642130527,-1.3052341271365158,0.778105,22.19,10.876951364547814,1880.566182566872,8.609736058334189,4.780364537750999,0.9993581185169972,0.0,,,,,,,,,,,,,,,,,,,,,,,,,,,,,,,,,,,,,,,,,,,,,,
nor,Latn,alphabet,,Norwegian,Indo-European,Germanic,Fusional,99.9,288548657,5685593,271235821.0,73282,116,0.0779595857473423,-1.2928639130011577,0.790561,20.94,10.70098907752406,1664.6337500681504,8.238025708905324,4.539722907764458,1.0,0.0,,,,,,,,,,,,,,,,,,,,,,,,,,,,,,,,,,,,,,,,,,,,,,
nso,Latn,alphabet,Sadilar,Sotho (Northern),Niger-Congo,Bantu,Agglutinative,99.96,4620216,163436,4343013.0,11677,15,0.0124223156866226,-1.2366979128138869,0.724063,27.59,8.870575076933237,468.06824340176365,7.307099426222488,4.084080107519825,1.0,0.0,11676.0,939441.983999986,0.012428654668259,9.0914801774893,545.5169363306105,-1.2341161680909054,-1.4895826520616773,1.0,0.7204000588321812,7.307553956834532,4.218423138942936,6799.0,1528516.811999997,0.0044481028580273,7.296523061689172,157.20715403694518,8.902484041589002,478.5361293170095,5.95602294455067,2.5926857800239937,2.2162555669749917,1.026121959575197,1.1901336073997943,0.3695614936622131,0.8168036998972251,0.586621213233479,0.3512110726643598,1.627047585729377,1.0078234996148532,0.6192240861145091,0.2072414574990913,0.4113755214074023,0.7486152970674184,0.2678861412290767,8.385109448432473,3.8801391252902016,3.5439837186995904,2.885553893056448,12.149937469006918,4.35741406121568,3.512796233968809,3.530469906106428,6781.0,94.0,49.0,73.0
nya,Latn,alphabet,,Chichewa,Niger-Congo,Bantu,Agglutinative,99.57,42121483,2804481,39594195.0,384099,4,0.4086164577866263,-1.28291384364726,0.78662,21.34,13.561922052761409,12093.31420513389,8.67411006016678,5.921907138154975,0.9999166881455042,0.0,,,,,,,,,,,,,,,,,,,,,,,,,,,,,,,,,,,,,,,,,,,,,,
oci,Latn,alphabet,,Provençal,Indo-European,Romance,Fusional,99.6,41796789,1567552,39288992.0,137110,12,0.145861049787381,-1.2243746959256927,0.790872,20.91,11.508845109435658,2914.121086067351,7.613791845963095,4.765683756915932,0.9999562395157172,0.0,,,,,,,,,,,,,,,,,,,,,,,,,,,,,,,,,,,,,,,,,,,,,,
ori,Orya,abugida,,Oriya,Indo-European,Indic,Fusional,91.98,12552933,619550,11799762.0,91169,5,0.0969878872215438,-1.3226139131776873,0.680648,31.94,12.68092785694032,6566.586323100295,7.494762474086587,5.650120146491091,1.0,0.0,,,,,,,,,,,,,,,,,,,,,,,,,,,,,,,,,,,,,,,,,,,,,,
orm,Latn,alphabet,,Oromo,Afro-Asiatic,Lowland East Cushitic,Agglutinative,99.81,16132068,724321,15164144.0,115175,6,0.1225250235140352,-1.2680291567446793,0.709057,29.09,12.3804008097925,5331.777309464236,8.715658780117213,6.4353769655577,1.0,0.0,,,,,,,,,,,,,,,,,,,,,,,,,,,,,,,,,,,,,,,,,,,,,,
ory,Orya,abugida,,Oriya,Indo-European,Indic,Fusional,98.57,89086018,1867703,83740889.0,76492,42,0.0813744271381859,-1.356431657706721,0.673485,32.65,12.622860701219825,6307.535480646636,7.363332113162161,5.702071768070196,1.0,0.0,,,,,,,,,,,,,,,,,,,,,,,,,,,,,,,,,,,,,,,,,,,,,,
pam,Latn,alphabet,,Kapampangan,Austronesian,Central Luzon,Agglutinative,99.52,9767171,1263047,9181141.0,465119,1,0.4947978687881463,-1.116473472975432,0.849364,15.06,14.376685004498947,21272.24981438997,8.044859487571998,5.470290457362544,0.9997914512200105,0.0997336165583431,,,,,,,,,,,,,,,,,,,,,,,,,,,,,,,,,,,,,,,,,,,,,,
pan,Guru,abugida,,Panjabi,Indo-European,Indic,Fusional,94.08,358116781,2960348,336630146.0,18941,795,0.0201499775992272,-1.2788548255563552,0.748194,25.18,10.509828150620235,1458.053711089798,5.354997096246239,3.882955408277665,1.0,0.0,,,,,,,,,,,,,,,,,,,,,,,,,,,,,,,,,,,,,,,,,,,,,,
pap,Latn,alphabet,,Papiamentu,other,Creoles and Pidgins,Fusional,99.83,9468593,169869,8900527.0,8812,55,0.0093744160670699,-1.175277617211277,0.753916,24.61,9.00941190076649,515.3511214217382,7.012142532909668,4.0684010059179645,1.0,0.0,,,,,,,,,,,,,,,,,,,,,,,,,,,,,,,,,,,,,,,,,,,,,,
pcm,Latn,alphabet,,Nigerian Pidgin,other,Creoles and Pidgins,Isolating,99.85,8837721,132720,8307460.0,4477,79,0.0047627648832913,-1.3646589882799591,0.67793,32.21,9.031767730727564,523.3991353073081,6.136251954433773,4.581899160513562,1.0,0.0,,,,,,,,,,,,,,,,,,,,,,,,,,,,,,,,,,,,,,,,,,,,,,
pes,Arab,abjad,,Western Persian,Indo-European,Iranian,Isolating,94.3,804772687,6101857,756486902.0,32841,911,0.0349372046432672,-1.329756520709035,0.81943,18.06,10.930933931072484,1952.2660137226144,5.6877378886148415,3.91077172278655,1.0,0.0,,,,,,,,,,,,,,,,,,,,,,,,,,,,,,,,,,,,,,,,,,,,,,
plt,Latn,alphabet,,Plateau Malagasy,Austronesian,Barito,Agglutinative,99.55,4693503,190356,4411898.0,14585,9,0.0155159197134097,-1.1995985072713538,0.56125,43.88,7.901135635590374,239.04453871629957,8.297840246828933,5.8237921638260906,1.0,0.0,,,,,,,,,,,,,,,,,,,,,,,,,,,,,,,,,,,,,,,,,,,,,,
pms,Latn,alphabet,,Italian (Turinese),Indo-European,Romance,Fusional,99.69,5812277,233727,5463545.0,26657,7,0.0283585248778993,-1.2042076758201732,0.696592,30.34,8.913765886322695,482.2929416881256,7.025846869490191,4.330999744671271,1.0,0.0,,,,,,,,,,,,,,,,,,,,,,,,,,,,,,,,,,,,,,,,,,,,,,
pnb,Arab,abjad,,Western Panjabi,Indo-European,Indic,Fusional,95.66,36107892,835794,33941423.0,35574,34,0.0378446856822988,-1.341580210646777,0.811062,18.89,10.858335322565171,1856.4558915568991,5.11871029403497,3.7341902253184847,1.0,0.0,,,,,,,,,,,,,,,,,,,,,,,,,,,,,,,,,,,,,,,,,,,,,,
pol,Latn,alphabet,Morphynet,Polish,Indo-European,Slavic,Fusional,99.87,812470390,7485559,763722362.0,118787,321,0.1263692067433582,-1.2258072971734806,0.730151,26.98,12.568043174350256,6072.366592163817,8.487157685605327,5.744675159845588,1.0,0.0,118786.0,959100.418999987,0.1238514733669422,12.847079793086998,7368.114640132538,-1.2253909212991874,-1.3148785511444794,1.0,0.8924132600839721,8.487220716246023,5.947004715050674,95746.0,1203463.3239999262,0.079558718650246,11.687914186675178,3299.231247853829,14.616363279842556,25116.76919502443,8.170503206400268,4.739458614361853,1.3426329702153452,1.013781085313084,0.3288518849022612,0.1058963177478827,0.2227703601434512,0.8450748965927336,0.0171265461465271,1.2547834409818868,1.0070804921627283,0.2477029488191771,0.0899553782803653,0.1577151130407381,0.8829579442608909,0.0028801928532377,12.438327139392966,5.918711903678478,4.720382466633453,5.2883209453738935,16.252984049362286,6.394933083826872,5.0129291125404345,5.842984905109025,95526.0,581.0,194.0,435.0
por,Latn,alphabet,Morphynet,Portuguese,Indo-European,Romance,Fusional,99.9,2320210723,7941319,2180998593.0,23005,4863,0.0244733982671471,-1.204448893816123,0.729234,27.08,10.355481933531392,1310.118808463966,7.748228645946534,4.8127904890399895,1.0,0.0,23004.0,944357.9250000037,0.0243594080072975,10.637477070574466,1592.940948313261,-1.2029000541397452,-1.2463514696526043,1.0,0.938857751632776,7.74847852547383,4.978522056666153,21589.0,1016381.3400000016,0.0212410432485901,10.474488606642172,1422.771836560266,13.859655602975517,14865.24481819215,7.402288202325258,4.625731085342429,1.1338462876021562,1.0086941401495393,0.1251521474526169,0.0705529473135107,0.0545557294383585,0.938224511679128,0.0384615384615384,1.0762670732074378,1.0028505833738823,0.0734164898335549,0.037775581753073,0.0356300795590822,0.9635252204118884,0.0239787450974555,10.553749340464352,5.095064409670626,4.2990918426152405,4.201037058323087,14.32814371302526,5.751768016416644,4.738925570345268,5.148606211435604,21476.0,226.0,86.0,164.0
pus,Arab,abjad,,Pashto,Indo-European,Iranian,Fusional,92.69,19351777,637296,18190674.0,43717,16,0.0465074527951016,-1.3005891298476335,0.83222,16.78,10.65844723976083,1616.264099096872,5.397122400896676,3.5416871854225964,1.0,0.0,,,,,,,,,,,,,,,,,,,,,,,,,,,,,,,,,,,,,,,,,,,,,,
roh,Latn,alphabet,,Romansch,Indo-European,Romance,Fusional,99.89,11457764,326916,10770305.0,25279,22,0.0268925436074443,-1.2041597286130423,0.738189,26.18,10.431872097131608,1381.358524686984,7.800071205348312,4.876329871809573,1.0,0.0,,,,,,,,,,,,,,,,,,,,,,,,,,,,,,,,,,,,,,,,,,,,,,
ron,Latn,alphabet,,Moldavian,Indo-European,Romance,Fusional,93.22,801788368,5826486,753681691.0,44259,868,0.0470840024316099,-1.193257825722443,0.765551,23.44,11.059630606233146,2134.4233014225315,7.786529293477033,4.883971209538113,1.0,0.0,,,,,,,,,,,,,,,,,,,,,,,,,,,,,,,,,,,,,,,,,,,,,,
rus,Cyrl,alphabet,KuznetsEfremDict,Russian,Indo-European,Slavic,Fusional,92.81,4876649342,23436011,4584050909.0,133555,1670,0.142079760329578,-1.2397905837793242,0.727994,27.2,12.770505351433954,6987.232112831647,8.71463442027629,5.940423647681614,0.9999850248961102,0.0,133556.0,957397.156999978,0.1394990563983919,13.07337215970529,8619.402562064379,-1.2394042067129003,-1.84939257621108,1.0,0.5915799752131295,8.714659019437539,6.160270728692101,26627.0,2582900.9250001283,0.0103089513586351,8.48958385918869,359.43419558040813,9.312926693433072,636.019281888043,5.433244451121043,2.2834068453476237,3.516779478271287,1.9476998412650872,1.5690796370061997,0.3949354577854982,0.8222468477642337,0.6029831661104297,0.3542592078474921,2.69783642672759,1.6976331255180974,1.0002033012095273,0.2683514872814751,0.5099080798711957,0.7174045346605176,0.254899787942314,8.30214351239034,6.673554560174466,5.264583025586332,6.0520210228601,9.468706793736866,7.094974651642954,5.562411714808887,6.532603377681568,26243.0,1378.0,527.0,984.0
rus,Cyrl,alphabet,Tikhonov,Russian,Indo-European,Slavic,Fusional,92.81,4876649342,23436011,4584050909.0,133555,1670,0.142079760329578,-1.2397905837793242,0.727994,27.2,12.770505351433954,6987.232112831647,8.71463442027629,5.940423647681614,0.9999850248961102,0.0,133556.0,957397.156999978,0.1394990563983919,13.07337215970529,8619.402562064379,-1.2394042067129003,-1.765831184777903,1.0,0.6320618198657096,8.714659019437539,6.160270728692101,34552.0,2174829.930000018,0.0158872192824749,8.960018001817701,498.0055471043113,9.945385851281817,985.9603712813976,6.011634637647604,2.7118505091568017,2.9384977088262603,1.6469046692024318,1.2915930396238282,0.2590074575458983,0.8164440384557788,0.6282407159804819,0.5067437879338071,2.2716068395427698,1.53022354546226,0.7413832940805275,0.148579319418225,0.473728941729049,0.7561925585592021,0.3807310160489721,8.912660309597596,6.648603405324696,5.100408334627472,5.934833601363204,10.598414614261705,6.996164748902492,5.397040618395199,6.376243078615381,34340.0,742.0,318.0,502.0
sah,Cyrl,alphabet,,Yakut,Altaic,Turkic,Agglutinative,98.04,14879468,894074,13986704.0,152966,5,0.1627309215033121,-1.2520774886196078,0.723809,27.62,13.506793653968716,11639.921062070593,9.324326974621812,7.005904250207911,1.0,0.0,,,,,,,,,,,,,,,,,,,,,,,,,,,,,,,,,,,,,,,,,,,,,,
scn,Latn,alphabet,,Sicilian,Indo-European,Romance,Fusional,99.84,5928558,469559,5572845.0,116061,3,0.123469216844003,-1.1297926431087415,0.803803,19.62,11.917409329969118,3868.09987333442,7.948389209122789,4.802119563705792,1.0,0.0,,,,,,,,,,,,,,,,,,,,,,,,,,,,,,,,,,,,,,,,,,,,,,
sco,Latn,alphabet,,Scots,Indo-European,Germanic,Fusional,99.06,12401131,747655,11657065.0,106884,5,0.113706999778555,-1.2457606176895002,0.81317,18.68,11.50985998826153,2916.171776047799,6.912391003330714,4.610983296395791,1.0,0.0,,,,,,,,,,,,,,,,,,,,,,,,,,,,,,,,,,,,,,,,,,,,,,
sin,Sinh,abugida,,Sinhala,Indo-European,Indic,Fusional,88.16,108695258,2634324,102173575.0,112453,34,0.1196309204242982,-1.3426156800600255,0.737765,26.22,12.918905708656304,7744.22797834046,7.0401589997599,4.977714306267545,0.9999644295839152,0.0,,,,,,,,,,,,,,,,,,,,,,,,,,,,,,,,,,,,,,,,,,,,,,
slk,Latn,alphabet,,Slovak,Indo-European,Slavic,Fusional,99.91,308563497,4481265,290049788.0,109848,124,0.1168595625334976,-1.2424572134446086,0.738434,26.16,12.436058001273445,5541.489136714099,8.004515330274561,5.369204738050007,1.0,0.0,,,,,,,,,,,,,,,,,,,,,,,,,,,,,,,,,,,,,,,,,,,,,,
slv,Latn,alphabet,,Slovene,Indo-European,Slavic,Fusional,99.86,310455683,3966842,291828464.0,81280,175,0.0864680417803694,-1.2118313830267324,0.771017,22.9,11.82786689253963,3635.320616175323,7.767999507874015,4.976393711204264,1.0,0.0,,,,,,,,,,,,,,,,,,,,,,,,,,,,,,,,,,,,,,,,,,,,,,
sme,Latn,alphabet,,Saami (Northern),Uralic,Saami,Agglutinative,99.88,2940913,325677,2764460.0,115169,2,0.1225216578695683,-1.1138310526753938,0.719832,28.02,12.5519623147392,6005.057374698772,10.482577777005964,6.6578666357986735,1.0,0.0,,,,,,,,,,,,,,,,,,,,,,,,,,,,,,,,,,,,,,,,,,,,,,
smo,Latn,alphabet,,Samoan,Austronesian,Oceanic,Agglutinative,98.51,38597481,1085041,36281636.0,35057,33,0.0372946564111611,-1.274450019166173,0.823353,17.66,9.425416279184972,687.5954934927425,6.636477736258094,3.8274193589285774,1.0,0.0,,,,,,,,,,,,,,,,,,,,,,,,,,,,,,,,,,,,,,,,,,,,,,
sna,Latn,alphabet,,Karanga,Niger-Congo,Bantu,Agglutinative,99.72,61664832,4120552,57964944.0,634673,4,0.6751714685720606,-1.2639885167126013,0.792514,20.75,14.388337834263822,21444.764230955345,9.746701057079788,6.455570491019538,0.9999306729607216,0.0,,,,,,,,,,,,,,,,,,,,,,,,,,,,,,,,,,,,,,,,,,,,,,
snd,Arab,abjad,,Sindhi,Indo-European,Indic,Fusional,94.95,7394065,273166,6950430.0,23432,14,0.0249276249144626,-1.2876294158011476,0.81033,18.97,10.851544995414852,1847.738648615916,4.958048822123592,3.643388538550852,1.0,0.0,,,,,,,,,,,,,,,,,,,,,,,,,,,,,,,,,,,,,,,,,,,,,,
som,Latn,alphabet,,Somali,Afro-Asiatic,Lowland East Cushitic,Agglutinative,86.21,116225609,5239936,109252079.0,305976,10,0.3255073757768432,-1.3017965449278617,0.777653,22.23,12.267260298122428,4929.618540241292,9.873156718173975,5.684163026316415,0.999970585928308,0.0,,,,,,,,,,,,,,,,,,,,,,,,,,,,,,,,,,,,,,,,,,,,,,
sot,Latn,alphabet,Sadilar,Sesotho,Niger-Congo,Bantu,Agglutinative,99.81,41499433,1069665,39009499.0,31633,45,0.0336520889596722,-1.263832281340308,0.7835,21.65,9.91956357301231,968.4700158703188,7.158378908102298,4.168773251868731,1.0,0.0,31632.0,954904.430999956,0.0331258280651977,10.110304862625307,1105.3632689764056,-1.2626837417135832,-1.4129341349874354,1.0,0.8109265205453953,7.158573596358118,4.271195647012542,21489.0,1476791.9590000678,0.0145511355672265,8.18955917176033,291.946290858652,10.564084706179228,1513.9320157912018,6.2258364744753125,2.7614192284478807,1.8786671724835609,1.021149468892261,0.8575177035913,0.2663125948406676,0.5884547293879615,0.6900698057422224,0.3319536423841059,1.5465337797767738,1.0081330725336224,0.5384007072431494,0.1589752985448324,0.3789126610514276,0.7771357001504269,0.3020105972751923,9.496222997603462,3.8210739644655214,3.4835584981321746,2.7756651954099607,13.911165567676882,4.492498385602162,3.5729454075167704,3.686313793862343,21452.0,131.0,53.0,119.0
spa,Latn,alphabet,Albalba,Spanish,Indo-European,Romance,Fusional,99.88,4778280127,11259324,4491584733.0,22685,10058,0.0241329721253468,-1.1825022297731838,0.735251,26.47,9.887565930265056,947.2266953460324,7.861053559620895,4.740173583184187,1.0,0.0,22684.0,925366.9850000008,0.0245135177369657,10.27115354359474,1235.7348839707806,-1.180807451219415,-1.5638321441779766,1.0,0.6365045533811277,7.861311937929818,4.961175065047296,10322.0,1557872.8359999715,0.0066257012520373,8.399917036361394,337.7746005290548,9.807368144858604,896.0082121887535,5.311083123425693,2.946901440805457,2.2931581731617,1.0488450008816788,1.2443131722800211,0.1710897548933168,1.0690354434843945,0.536425086698437,0.3119062697910069,1.6835189295196364,1.014870635351233,0.6686482941683943,0.0705832529782763,0.5972427058222748,0.7172987360072335,0.2220093482769704,9.269366773087434,5.125807892604295,4.635419082797807,4.802842321034434,12.46733942175715,5.84574787708019,4.688728557218247,5.542248898137089,10111.0,528.0,154.0,436.0
sqi,Latn,alphabet,,Albanian,Indo-European,Albanian,Fusional,99.88,281252419,3542941,264377424.0,42951,280,0.0456925011798118,-1.2003512512468748,0.751126,24.89,10.43538630135614,1384.727423117122,7.518451258410747,4.584810600166828,1.0,0.0,,,,,,,,,,,,,,,,,,,,,,,,,,,,,,,,,,,,,,,,,,,,,,
srd,Latn,alphabet,,Sardinian,Indo-European,Romance,Fusional,99.69,4071555,301074,3827262.0,70932,3,0.0754598774314743,-1.114695263662182,0.783699,21.63,10.732745044940206,1701.681174523139,7.976371736310833,4.735876456850876,1.0,0.0,,,,,,,,,,,,,,,,,,,,,,,,,,,,,,,,,,,,,,,,,,,,,,
sun,Latn,alphabet,,Sundanese,Austronesian,Malayo-Sumbawan,Agglutinative,99.23,59715653,2630660,56132718.0,174133,11,0.1852482633322948,-1.3472034447788557,0.812656,18.73,13.133781050697124,8987.979076653577,7.523364324969994,5.596632983280802,0.9998851452625293,0.0,,,,,,,,,,,,,,,,,,,,,,,,,,,,,,,,,,,,,,,,,,,,,,
swa,Latn,alphabet,LDC_RLP,Swahili (macrolng),Niger-Congo,Bantu,Agglutinative,99.84,114372880,2242619,107510540.0,41114,84,0.0437382822382295,-1.3459179102466334,0.735963,26.4,10.519286231350344,1467.6438823105184,7.812010507369752,5.153344509291833,1.0,0.0,41113.0,937629.6820000326,0.0438478013113908,10.85983655429786,1858.388677727276,-1.344884047888265,-1.6287656975295015,1.0,0.8096745731042716,7.8121518741030815,5.363103517876715,19267.0,1768635.762999649,0.0108937071176954,8.113759589867708,277.0033454241806,8.292430154369239,313.52358280160263,5.591996678258162,2.8432021274246946,2.885656604966799,1.5190085860919904,1.3666480188748085,0.9414540413008052,0.1005764600004864,0.6435839144842502,0.006631299734748,1.886283888994807,1.2081205722750483,0.6781633167197465,0.4730910182512648,0.1236687812107854,0.7589595122800127,0.0165618789523069,8.828151185861387,4.9018732440322585,4.338604299293972,4.184353021545709,9.449124464543662,5.025445898047162,4.539703632777942,4.2219169917486745,19160.0,324.0,157.0,215.0
swe,Latn,alphabet,,Swedish (Västerbotten),Indo-European,Germanic,Fusional,99.95,1716447069,15676442,1613460301.0,84450,618,0.0898404013514657,-1.2837026742502615,0.765163,23.48,10.870116251405255,1871.6776225294377,8.647282415630551,4.828511239583328,1.0,0.0,,,,,,,,,,,,,,,,,,,,,,,,,,,,,,,,,,,,,,,,,,,,,,
swh,Latn,alphabet,,Swahili,Niger-Congo,Bantu,Agglutinative,99.79,29686344,574203,27905186.0,25480,41,0.0271063574872137,-1.3197297153762293,0.706714,29.33,10.2650891956002,1230.5513920388128,8.05408163265306,5.3017085426343336,1.0,0.0,,,,,,,,,,,,,,,,,,,,,,,,,,,,,,,,,,,,,,,,,,,,,,
tam,Taml,abugida,,Tamil (Spoken),Dravidian,Dravidian,Agglutinative,96.7,115397249,6061799,108473417.0,831230,5,0.8842987760246285,-1.2918752235523392,0.66062,33.94,14.74002112651681,27364.561661667754,10.826264692082818,7.661436137851175,0.9998544325878518,0.0,,,,,,,,,,,,,,,,,,,,,,,,,,,,,,,,,,,,,,,,,,,,,,
tat,Cyrl,alphabet,,Tatar,Altaic,Turkic,Agglutinative,85.78,317471066,4200574,298422807.0,92866,137,0.0987936052501193,-1.3197434925449782,0.701287,29.87,12.936429966787,7838.869903474612,8.456841039777744,6.201232538503668,1.0,0.0,,,,,,,,,,,,,,,,,,,,,,,,,,,,,,,,,,,,,,,,,,,,,,
tel,Telu,abugida,,Telugu,Dravidian,Dravidian,Agglutinative,98.32,30427159,1915953,28601531.0,446905,3,0.4754379664446337,-1.2705722984879304,0.699246,30.08,14.333292350147676,20641.960089153003,9.267889148700506,6.697697791072793,1.0,0.0,,,,,,,,,,,,,,,,,,,,,,,,,,,,,,,,,,,,,,,,,,,,,,
tgk,Cyrl,alphabet,Uniparser,Tajik,Indo-European,Iranian,Fusional,63.81,385704024,8915666,362561788.0,220085,60,0.2341330282899312,-1.3338840002128958,0.750863,24.91,13.372288956972724,10603.764813837088,8.350119272099416,6.01945077841463,1.0,0.0,220084.0,972039.0460000964,0.226414773054269,13.567586572420286,12140.890077487658,-1.333647513633479,-1.411919119207441,1.0,0.8557400017513354,8.350157212700605,6.13506950419295,159878.0,1462557.4470006798,0.1093139967444476,10.476860057434443,1425.1124614888984,13.263197668318812,9831.512519487394,8.139681507149202,4.077450159123369,1.5549335708184149,1.2388451682085022,0.3160884026099125,0.0121589938387161,0.26272695879755,0.8621920115350031,0.003954802259887,1.5046282893868224,1.2638412366824523,0.2407870527044266,0.0083246388437766,0.19309680487873,0.8910353061750478,-0.0048563994017777,10.79898931265924,5.102338299791343,2.0950216567359443,4.996032217602789,14.367309199067066,5.406596686297224,2.095050831329179,5.291590577198681,159791.0,241.0,33.0,221.0
tgl,Latn,alphabet,LDC_RLP,Tagalog,Austronesian,Greater Central Philippine,Agglutinative,99.87,157815301,2650722,148346513.0,36451,168,0.0387776152277271,-1.2376146607159475,0.784869,21.51,10.138582725144769,1127.2429135726666,7.56766618199775,4.760962173745196,1.0,0.0,36450.0,932884.1209999932,0.0390723769217208,10.487384288751432,1435.546441524135,-1.2364693017692472,-1.3722221127239824,1.0,0.8723760267721327,7.567818930041152,4.959597746224296,26296.0,1302513.8270000552,0.0201886532449063,9.0960987601457,547.2661294939135,11.361834356306876,2631.800390420171,6.4071721934895045,3.552143618049901,1.7491083676268862,1.0140192043895748,0.7350891632373114,0.5257064471879287,0.2061454046639231,0.7527397609249183,-0.601242800848742,1.3962225293360315,1.005148074548479,0.391074454787511,0.2231874756071657,0.166718537167597,0.8537176195988319,-0.4893576884235552,9.958291091619332,4.609467309940806,4.871278750530328,2.2793562306941646,14.17479496081836,5.222844090876096,5.118068983006019,3.0814706805573637,26189.0,279.0,152.0,169.0
tha,Thai,abugida,,Thai,Tai-Kadai,Kam-Tai,Isolating,93.54,63974881,28249045,243687383.0,12548,1254,0.0133489334578229,-1.210286787058194,0.702375,29.76,10.772799264189722,1749.587695716728,6.124083519285942,4.334470344736723,1.0,0.0,,,,,,,,,,,,,,,,,,,,,,,,,,,,,,,,,,,,,,,,,,,,,,
tir,Ethi,ethiopic,,Tigrinya,Afro-Asiatic,Semitic,Introflexive,98.03,6622331,400078,6224994.0,126571,3,0.1346507337031827,-1.170616822601224,0.764456,23.55,12.447561755383902,5585.852470577196,4.98313989776489,3.7869000355662994,1.0,0.0,,,,,,,,,,,,,,,,,,,,,,,,,,,,,,,,,,,,,,,,,,,,,,
tsn,Latn,alphabet,Sadilar,Tswana,Niger-Congo,Bantu,Agglutinative,99.95,8334857,325153,7834774.0,23362,14,0.0248531396943549,-1.2149032851724182,0.756369,24.36,9.400975802027322,676.0451553637862,7.391661672801986,4.086099867079765,1.0,0.0,23361.0,951196.9140001216,0.0245595834639104,9.5875962195381,769.4033065819525,-1.213417912712916,-1.3890458423818914,1.0,0.7761154855643044,7.391892470356577,4.193134376589756,15240.0,1377428.692999812,0.0110640936096733,8.108816204260833,276.0558194526569,10.01602510042697,1035.4377454813875,6.196784776902887,2.8956101315950606,1.986130730705021,1.01832113351312,0.9678095971919012,0.342665125636745,0.6221052180985402,0.6528243721900102,0.4296482412060301,1.4481004645058202,1.0048874201877391,0.4432130443181216,0.1823951628169129,0.2597676163192067,0.821502488812236,0.2694620065782983,9.016074285040602,4.228550639578878,3.4083082674093954,3.252547876854858,13.418128706288693,4.482384488039094,3.4973343163859063,3.647607344843667,15226.0,93.0,49.0,78.0
tso,Latn,alphabet,Sadilar,Tsonga,Niger-Congo,Bantu,Agglutinative,99.95,2929564,126934,2753795.0,13721,9,0.0145967844259442,-1.2500195902335838,0.701983,29.8,9.518721001676385,733.534495310485,7.640915385176007,4.660291706535889,1.0,0.0,13720.0,947165.8550000584,0.0144853194692065,9.734723378459412,852.0081251203936,-1.2478144210956237,-1.427891843226745,1.0,0.808728046833422,7.641326530612245,4.808682577561582,9395.0,1488956.620999857,0.0063097875837988,7.8752641213568095,234.7960164004224,10.058231832903957,1066.1774309247423,6.497072911122938,3.058933941232957,1.8292274052478132,1.0199708454810497,0.8092565597667638,0.3241253644314869,0.4829446064139941,0.6705903790087407,0.2567164179104477,1.572012560566738,1.0069608379199853,0.5650517226468058,0.1937577648425572,0.3709776626185256,0.7462691279131469,0.134542795979605,9.194418616395316,3.5197934924933385,3.830452762934738,2.0597695512610854,12.719884480166336,4.537890444110487,3.9582733783170254,3.4857527293212884,9358.0,90.0,41.0,67.0
tuk,Latn,alphabet,,Turkmen,Altaic,Turkic,Agglutinative,82.13,10824949,460556,10175459.0,64804,8,0.0689404468741802,-1.2993540614861867,0.661623,33.84,12.583055492277632,6135.883995442088,8.973952225171285,7.002779530633458,1.0,0.0,,,,,,,,,,,,,,,,,,,,,,,,,,,,,,,,,,,,,,,,,,,,,,
tur,Latn,alphabet,MorphoChallenge,Turkish,Altaic,Turkic,Agglutinative,99.94,1606627974,16594358,1510230359.0,155131,431,0.1650329748609328,-1.2856777399882184,0.729162,27.08,13.310124672261498,10156.563131838446,8.954825276701627,6.349690593791063,1.0,0.0,155130.0,970728.7829999124,0.1598077678510682,13.515006324099522,11706.371307896909,-1.2853551768127336,-1.687753027945044,1.0,0.7383454166252855,8.954870108940888,6.480852964468621,50345.0,1950466.9540001703,0.0258117677393859,9.860074690668442,929.3477276425356,10.739296385627572,1709.426154299475,6.405899294865429,3.225451548460046,2.5001869399858183,1.362199445626249,1.1379874943595694,0.0927738026171598,0.932695158898988,0.6257009635543104,-0.0906472846955567,2.009281055798369,1.2073178940652507,0.8019631617331368,0.092896576859829,0.6610289364418933,0.6968965782887658,-0.0666459985368611,10.593820722112628,6.858419393604645,5.446937926903611,6.6884040320274645,12.0262065604541,7.251887672084296,6.356769603984162,7.109332010244378,50196.0,827.0,344.0,695.0
uig,Arab,abjad,thuuymorph,Uyghur,Altaic,Turkic,Agglutinative,79.36,6858150,632955,6446662.0,228941,2,0.2435548211948597,-1.223102987528248,0.737054,26.29,14.445740901778665,22315.22761648146,8.849157643235593,6.786926319388235,0.999995632062409,0.0,228941.0,989960.8410010054,0.2312626828436009,14.509919692290952,23330.339683708666,-1.223174563551236,-1.365268712359658,1.0,0.8320058875316386,8.849175114985957,6.835250511684762,145392.0,1518095.6520164215,0.0957726213146596,11.368893116408,2644.708710111589,13.115847656345217,8876.945695838818,7.870295477055134,4.457294151400891,1.69168912514578,1.250099370580193,0.4415897545655867,0.0042412674007713,0.3841382714323778,0.8195245817600629,-0.036231884057971,1.5334906080432047,1.2046131550031869,0.3288774530424454,0.006404354331419,0.2941603828549106,0.8553751332490136,0.031368298291567,11.989469687105409,5.812191406170064,3.07076708463671,5.754727748017376,14.438807589487888,6.276874947276116,4.976630882246604,6.213607039336812,145127.0,642.0,103.0,587.0
ukr,Cyrl,alphabet,,Ukrainian,Indo-European,Slavic,Fusional,94.86,3089710709,19893572,2904328925.0,131368,1017,0.1397531617546453,-1.264614605426316,0.716664,28.33,12.83730303593535,7318.351709870744,8.704029900736861,5.917283354536022,1.0,0.0,,,,,,,,,,,,,,,,,,,,,,,,,,,,,,,,,,,,,,,,,,,,,,
urd,Arab,abjad,,Urdu,Indo-European,Indic,Fusional,95.84,374972832,3499100,352474620.0,15270,977,0.0162446683392128,-1.3071429803251082,0.806141,19.39,10.236161433868885,1206.1230910700262,4.889980353634577,3.555995949438856,1.0,0.0,,,,,,,,,,,,,,,,,,,,,,,,,,,,,,,,,,,,,,,,,,,,,,
uzb,Latn,alphabet,,Uzbek,Altaic,Turkic,Agglutinative,77.09,78579570,2835549,73864799.0,178064,16,0.18942958490705,-1.3213519039163977,0.705872,29.41,13.372763332280645,10607.252031257043,9.258710351334352,7.045466650494777,1.0,0.0,,,,,,,,,,,,,,,,,,,,,,,,,,,,,,,,,,,,,,,,,,,,,,
uzn,Cyrl,alphabet,,Uzbek (Northern),Altaic,Turkic,Agglutinative,72.69,119088176,2871181,111942906.0,120481,40,0.1281713832234109,-1.3144568541008377,0.70993,29.01,13.199886061723088,9409.393778551,8.857944406171928,6.527725839098728,1.0,0.0,,,,,,,,,,,,,,,,,,,,,,,,,,,,,,,,,,,,,,,,,,,,,,
vec,Latn,alphabet,,Venetian,Indo-European,Romance,Fusional,99.78,12041552,645332,11319061.0,88411,6,0.0940546583534127,-1.191547451448672,0.794311,20.57,11.241538855710614,2421.254233001663,7.572112067502912,4.599120898809539,1.0,0.0,,,,,,,,,,,,,,,,,,,,,,,,,,,,,,,,,,,,,,,,,,,,,,
vie,Latn,alphabet,,Vietnamese,Austro-Asiatic,Vietic,Isolating,99.1,2127249850,5514002,1999645863.0,2367,53409,0.002518046004343,-1.252486047994686,0.735493,26.45,9.717805741079088,842.0754772448863,3.498098859315589,3.376101456720789,1.0,0.0,,,,,,,,,,,,,,,,,,,,,,,,,,,,,,,,,,,,,,,,,,,,,,
vol,Latn,alphabet,,Volapük,other,Constructed,Agglutinative,99.28,8837143,260737,8306915.0,3776,36,0.0040170207295971,-1.4809396145822138,0.539184,46.08,7.29312832841104,156.83767264903602,6.362023305084746,5.127076778804165,1.0,0.0,,,,,,,,,,,,,,,,,,,,,,,,,,,,,,,,,,,,,,,,,,,,,,
war,Latn,alphabet,,Waray-Waray,Austronesian,Greater Central Philippine,Agglutinative,99.81,70452317,879203,66225199.0,45508,52,0.0484127885157503,-1.0231982362178094,0.613918,38.61,7.553271948579466,187.82847045677264,8.67164015118221,5.513806549679073,1.0,0.0,,,,,,,,,,,,,,,,,,,,,,,,,,,,,,,,,,,,,,,,,,,,,,
wln,Latn,alphabet,,Walloon,Indo-European,Romance,Fusional,99.79,21304361,725983,20026101.0,55265,12,0.0587925540045806,-1.090137843179196,0.65076,34.92,8.211367321541243,296.39294992721454,8.071401429476161,5.174659011257359,1.0,0.0,,,,,,,,,,,,,,,,,,,,,,,,,,,,,,,,,,,,,,,,,,,,,,
wuu,Hani,logographic,,Wu,Sino-Tibetan,Chinese,Isolating,81.73,323110,277491,4610282.0,99874,3,0.1062487373494929,-1.1668701492338796,0.929728,7.03,12.835998717816684,7311.7382920566415,2.6355407813845444,1.8669684414098744,1.0,0.0,,,,,,,,,,,,,,,,,,,,,,,,,,,,,,,,,,,,,,,,,,,,,,
xho,Latn,alphabet,Sadilar,Xhosa,Niger-Congo,Bantu,Agglutinative,99.93,28789289,2409249,27061933.0,527288,2,0.5609573000013384,-1.2163410004210076,0.778952,22.1,14.444460302070036,22295.428425467795,9.46432120586852,6.610533401291031,0.9999051751604436,0.0,527337.0,983284.3050059408,0.5363016548879156,14.566546870164968,24264.287388903085,-1.2156978470075908,-1.3909943239904878,1.0,0.8418475830664075,9.464420285320394,6.689468450287386,219162.0,2403070.4020617395,0.0912008236679073,8.757316477266306,432.7279439142749,9.579849207635794,765.2828227635898,8.099077394803844,2.736821945107093,3.0743452479154696,2.89765178623916,0.1766934616763094,0.068096871639957,0.032277272408346,0.950740970735578,-0.0366629255518144,2.4439222611267626,2.335546075870418,0.1083761852574395,0.046345593810438,0.0182935321030072,0.9645658253931836,0.0036692051235597,8.656969972821473,6.041956936362237,5.488368923985829,4.4164757140212165,9.455690969389826,6.5236631771543525,5.774527416529071,4.796714336012225,217651.0,2556.0,627.0,1369.0
yid,Hebr,abjad,,Yiddish,Indo-European,Germanic,Fusional,97.36,8429414,387300,7923655.0,55097,6,0.058613926063734,-1.2258175160135925,0.742482,25.75,10.965213015977014,1999.2082102173424,7.745231137811496,4.969338771059568,1.0,0.0,,,,,,,,,,,,,,,,,,,,,,,,,,,,,,,,,,,,,,,,,,,,,,
yor,Latn,alphabet,,Yoruba,Niger-Congo,Defoid,Isolating,99.65,40756583,1227424,38311197.0,50991,25,0.0542457371210489,-1.3087926928422788,0.817889,18.21,10.698175038569737,1661.389974671518,6.093055637269322,3.790169072503791,0.9999607773920888,0.0,,,,,,,,,,,,,,,,,,,,,,,,,,,,,,,,,,,,,,,,,,,,,,
yue,Hani,logographic,,Cantonese,Sino-Tibetan,Chinese,Isolating,82.5,719173,612567,12065020.0,110386,4,0.1174322920511161,-1.2644063762885864,0.954541,4.55,12.01597015610344,4141.593248401707,2.5376859384342216,1.5609902014252774,1.0,0.0,,,,,,,,,,,,,,,,,,,,,,,,,,,,,,,,,,,,,,,,,,,,,,
zsm,Latn,alphabet,,Standard Malay,Austronesian,Malayo-Sumbawan,Agglutinative,99.4,12911567,437881,12136892.0,23565,24,0.0250691208534216,-1.2960955917587884,0.72802,27.2,11.167309389790388,2299.8266234650955,7.230129429238277,5.853908068062236,1.0,0.0,,,,,,,,,,,,,,,,,,,,,,,,,,,,,,,,,,,,,,,,,,,,,,
zul,Latn,alphabet,Sadilar,Zulu (Southern),Niger-Congo,Bantu,Agglutinative,99.96,91845880,8380058,86335128.0,2001153,2,2.128293248045253,-1.21280424672771,0.784305,21.57,15.41960707834202,43829.27147615877,12.91320103960067,7.428126926504354,0.9998675763422388,0.0,2001418.0,990254.6950313098,2.021114375970436,15.48933490202396,45999.63846973057,-1.214066735008574,-1.2341542775042256,1.0,0.916452848627892,12.913583269461952,7.441043623395314,1084645.0,2361729.170280275,0.4592588403653757,9.294774312719657,628.066849343762,11.084845380377308,2172.055693612498,14.555841773114706,3.119817303659689,2.6783680370617238,2.6254400629953363,0.0529279740663869,0.0286386951651279,0.0129083479812812,0.9801642565204208,0.0459433040078201,2.3849714441320256,2.353771678904392,0.0311997652271075,0.0190726265624153,0.0058408619812898,0.9872560612853686,0.0286617585005959,9.248105253076696,6.285027151543514,5.406668012627946,5.342497212190414,11.02103270542013,7.724916432734878,7.021121333567074,6.219467582232951,1082449.0,4032.0,1248.0,2591.0
